time,LeftPupil X,LeftPupil Y,RightPupil X,RightPupil Y,LeftBlink,RightBlink,CombineFocusPoint X,CombineFocusPoint Y,CombineFocusPoint Z
0.4860562,0,0,0,0,1,1,0,0,0
1.006885,0,0,0,0,1,1,0,0,0
1.51894,0,0,0,0,1,1,0,0,0
2.036499,0,0,0,0,1,1,0,0,0
2.557314,0,0,0,0,1,1,0,0,0
3.070623,0,0,0,0,1,1,0,0,0
3.602261,0,0,0,0,1,1,0,0,0
4.1237,0,0,0,0,1,1,0,0,0
4.647398,0,0,0,0,1,1,0,0,0
5.162103,0,0,0,0,1,1,0,0,0
5.668426,0,0,0,0,1,1,0,0,0
6.192022,0,0,0,0,1,1,0,0,0
6.70782,0,0,0,0,1,1,0,0,0
7.221179,0,0,0,0,1,1,0,0,0
7.738319,0,0,0,0,1,1,0,0,0
8.245214,0,0,0,0,1,1,0,0,0
8.75093,0,0,0,0,1,1,0,0,0
9.266912,0,0,0,0,1,1,0,0,0
9.77868,0,0,0,0,1,1,0,0,0
10.29919,0,0,0,0,1,1,0,0,0
10.80763,0,0,0,0,1,1,0,0,0
11.31162,0,0,0,0,1,1,0,0,0
11.82769,0,0,0,0,1,1,0,0,0
12.3308,0,0,0,0,1,1,0,0,0
12.83835,0,0,0,0,1,1,0,0,0
13.35548,0,0,0,0,1,1,0,0,0
13.86523,0,0,0,0,1,1,0,0,0
14.38806,0,0,0,0,1,1,0,0,0
14.895,0,0,0,0,1,1,0,0,0
15.418,0,0,0,0,1,1,0,0,0
15.93327,0,0,0,0,1,1,0,0,0
16.45431,0,0,0,0,1,1,0,0,0
16.95839,0,0,0,0,1,1,0,0,0
17.47809,0,0,0,0,1,1,0,0,0
17.99479,0,0,0,0,1,1,0,0,0
18.49825,0,0,0,0,1,1,0,0,0
19.00484,0,0,0,0,1,1,0,0,0
19.51712,0,0,0,0,1,1,0,0,0
20.03992,0,0,0,0,1,1,0,0,0
20.54747,0,0,0,0,1,1,0,0,0
21.06513,0,0,0,0,1,1,0,0,0
21.58437,-0.07944345,-0.3052316,-0.2910071,-0.4788971,0.4261385,0.5202717,0,0,0
22.10138,-0.008672953,-0.1817412,-0.2985882,-0.04974425,1,1,1.686432,0,4.07193
22.62882,-0.00376755,-0.1555753,-0.2821971,-0.09180391,1,1,2.146217,0,4.396629
23.13452,0.1089362,0.4061446,-0.2035801,0.2271657,1,1,1.410164,0,5.880821
23.6463,0.1585442,0.1019823,-0.1344492,0.06519395,1,1,1.56427,0,4.822235
24.16475,-0.02216095,0.2909927,-0.2940285,0.1947339,1,1,1.903244,0,4.250854
24.68857,0.2552086,0.2594116,-0.03288835,0.1744616,1,1,1.525864,0,4.466232
25.19204,-0.4203999,0.03872436,-0.7918366,0.004774868,0.7556962,0.04818767,-0.4999909,0.09346962,-0.2784653
25.69973,0.1840864,0.07431638,-0.1818671,-0.03548694,1,1,0.2298808,0.08466995,0.08329248
26.207,0.06582355,0.09734756,-0.3128175,0.01997817,1,1,0.05966949,0,0.05093384
26.72816,0.08265209,0.2050252,-0.3032485,0.1113331,1,1,0.02015686,0,0.03143311
27.23674,0.0009317398,0.1162262,-0.3458962,0.005248964,0.8849443,0.7364147,-0.06562805,0,0.2661057
27.7381,0.3149712,0.06776136,0.0170815,-0.1138343,0.7638744,0.3450831,1.72937,0,4.449989
28.25369,0.145708,0.1079848,-0.2201569,-0.01387572,0.8778601,0.6923923,2.127159,0,2.622246
28.7575,0.1417511,0.1835346,-0.1649971,0.08766115,0.9069362,0.8399641,3,0.9334601,4.429569
29.27386,0.01212859,0.01358116,0.009155154,-0.311659,0,0,0,0,0
29.78805,0.1840029,0.06398553,-0.1399974,-0.06202006,0.8352488,0.2672041,2.296677,0,2.462708
30.29751,0.1076846,0.09327865,-0.20588,-0.006990314,1,1,2.510689,0,2.523895
30.81536,0.4359889,0.1099431,0.09433019,0.07935774,1,1,2.284012,0,3.911781
31.33816,-0.01557159,0.05576921,-0.3175741,0.02145743,1,0.6447541,2.320694,0,4.016968
31.8594,0.07119608,0.04151976,-0.2301083,-0.02420187,1,0.6794302,2.32373,0,1.309776
32.38213,0.09703755,0.1703587,-0.2350316,0.08040518,1,1,2.980934,0,2.737335
32.89983,-0.07463664,-0.1983728,0.003744841,-0.4355919,0,0.1,0,0,0
33.40636,0.2110294,0.05974138,-0.0989942,-0.03498614,0.9801089,0.6239586,5.473503,0,2.470787
33.91281,0.1707158,0.1061372,-0.1368991,-0.008617282,0.9550705,0.8514761,5.639236,0.1,2.643372
34.41342,0.3009425,0.07696944,-0.01089048,-0.05089366,1,1,7,0.7350724,1.883528
34.92762,0.105461,0.07038695,-0.1807393,-0.00404501,0.9758683,0.692836,6.644798,0.3769299,1
35.43618,0.1477083,0.03082776,-0.1858302,-0.09428072,0.7301622,0.1675654,4.075655,0.7646425,3
35.95753,-0.03656656,0.05632097,-0.3606055,-0.03254199,0.999104,0.7766482,2.299507,0.1,2.451981
36.47844,-0.09361386,0.02563506,-0.4215968,-0.05053926,0.9967726,0.7196819,1.897232,0,5.594917
37.00243,0.2595677,0.08082199,-0.03798568,-0.03533709,0.9967919,0.7248443,3.683843,0.937216,7
37.53003,0.1541791,0.1145286,-0.148514,0.005690336,1,1,7.813965,0.1,5.943954
38.03509,0.07335234,0.1013002,-0.1956602,-0.01170671,0.5199118,0.06703927,0,0,0
38.54661,-0.2055531,0.1330078,-0.5557029,0.03791994,0.7996057,0.07339006,7.013908,0,9.183983
39.0512,-0.1071051,0.09266531,-0.4509544,0.00486666,1,1,5.088173,0,9.826248
39.55933,0.1494803,0.0680058,-0.1300578,-0.03800642,0.9157616,0.4997118,7.040971,0.9581454,7
40.06692,0.1626575,0.110163,-0.1360063,0.01374817,1,1,10.43578,0.1,5.690727
40.58033,0.4367099,0.08060092,0.1050998,-0.0510689,0.9363967,0.7092848,11,0.6720598,4.247412
41.09985,0.2388756,0.1406882,-0.06927925,0.03103614,1,1,10.223,0.1,2.35778
41.61038,-0.00509721,0.1701975,-0.3216614,0.06701028,1,1,17.39516,0,1.175148
42.12703,-0.02031308,0.1196864,-0.3362947,0.03166044,1,1,18.5378,0.1,2.238251
42.63993,0.1058896,0.09976667,-0.1881169,-0.001899362,1,1,27,0.2481415,2.940404
43.15225,-0.1260539,0.03504151,-0.4760545,-0.06238878,1,1,18.31246,0.1,6.139069
43.65536,0.4112575,0.04468626,0.08079791,-0.07573152,0.9071638,0.7396096,23.32159,0,5.658165
44.16781,0.02443171,0.09036863,-0.265994,-0.00191164,0.9396238,0.902431,26.98619,0,6.73777
44.69121,-0.05303937,-0.2579144,-0.04780191,-0.5267437,0,0,0,0,0
45.19842,0.4627364,0.08910942,0.1518557,-0.06419492,0.6702279,0.08419585,0,0,0
45.70431,0.05596864,-0.0152626,-0.03498858,-0.1345799,0.4865743,0.001091619,0,0,0
46.21849,-0.1985379,0.0712806,-0.5158479,-0.004997611,0.8534392,0.5452483,21,1.006677,9.416084
46.73068,-0.03742051,0.1337718,-0.3690933,0.03232574,1,1,21.11042,0.1,6.663437
47.25163,0.3763938,0.03238457,0.03754818,-0.07898998,0.927931,0.9174162,19.11347,0,6.809761
47.7588,-0.1445631,0.07046151,-0.4444532,0.005109727,1,1,17,0.991055,6.481183
48.26962,-0.1370993,0.1235787,-0.4803594,0.03193802,1,1,17.26944,0.1,3.359444
48.78872,0.04410315,0.06831336,-0.2482709,-0.02021253,1,1,14.48005,0,2.989044
49.29116,-0.139904,0.1291417,-0.4721795,0.05452377,1,1,17,1.200304,3.004849
49.79184,-0.01135087,0.07062417,-0.3455726,0.02501357,1,1,11.1823,0,6.65052
50.29219,-0.04075545,0.09656173,-0.3513925,0.004851103,1,1,10.87631,0,6.420776
50.80882,0.09469616,0.1137485,-0.2373691,-0.0003091097,1,1,13.92329,0.1,6.871132
51.32897,-0.07809567,0.1210641,-0.4164732,0.01743799,0.8818923,0.9830522,14.29192,0,9.727989
51.8418,-0.1487806,-0.1885864,0.03125346,-0.5595889,0,0,0,0,0
52.35935,0.1968427,0.08043218,-0.1218007,-0.03833318,1,1,17.96878,0,10.71175
52.87881,-0.06001174,-0.1666951,-0.4283276,-0.4282608,0,0,0,0,0
53.39992,-0.05605781,0.1200317,-0.3801104,0.02513671,1,1,17.59859,0,13.94499
53.91644,0.2117883,0.1050853,-0.05758089,-0.02349353,1,1,19.11457,0.9802649,15
54.42813,0.1077865,0.1474376,-0.1977609,0.0417552,1,1,24.15075,0.1,14.49673
54.93565,-0.03898406,0.08162963,-0.3796869,-0.01342535,0.9705356,0.7337415,13.83383,0.1,14.56775
55.45928,0.03796554,0.1114437,-0.255973,0.02013916,1,1,13.88372,0,15.14736
55.96125,0.06771708,0.1070004,-0.2568529,0.008545518,1,1,14.14632,0.1,18.16738
56.48109,0.2764082,0.07075113,-0.05368161,-0.03512788,1,1,19.32452,0,18.5547
56.98408,0.1461178,0.1736569,-0.1616266,0.05497056,1,1,22.06485,0,18.99111
57.49239,0.177235,0.1826333,-0.1575586,0.05850482,1,1,17.21832,0,22.78564
58.00884,0.03486347,0.1721641,-0.274429,0.08301145,1,1,18.76001,0.1,24.09858
58.50909,0.05022192,0.01121867,-0.1814529,0.03803849,0.7667657,0.7321864,0,0,0
59.03343,0.05173218,0.1257399,-0.2578206,0.02083069,1,1,21.89245,0.1,26.11287
59.54299,0.2802408,0.1088567,-0.04966283,-0.01100695,1,1,18.32341,0.1,22.62976
60.05304,0.2485315,0.1233668,-0.0750162,0.00909698,1,1,18.53236,0.1,22.58725
60.55639,0.1099687,0.140853,-0.1904778,0.01928437,1,1,19,1.205464,23.0231
61.07442,0.4558536,0.1157373,0.1666496,-0.06520343,0.652105,0.6341181,20.12595,0.4038072,21
61.58268,0.1242043,0.1683376,-0.1992024,0.07280624,1,1,18.38174,0.1,18.78666
62.10562,0.108622,0.1204486,-0.1877177,-0.01510167,1,1,19,1.279,19.37434
62.6246,0.2350627,0.02952546,-0.1065464,-0.0954684,0.9950597,0.9033446,19.50681,0.1,18.07847
63.14796,-0.04399627,0.09658599,-0.3763919,0.004729748,1,1,23.08815,0.1,18.09131
63.65833,0.02693748,0.1107025,-0.2887055,0.0192278,1,1,27,0.8180232,17.81234
64.17288,0.2849461,-0.004689336,-0.05413437,-0.1344562,0.9624618,0.8662483,24.92257,0.8322401,19
64.68626,0.01815724,0.1361908,-0.3012829,0.04938394,0.8941098,0.9035023,27,0.2607592,20.28025
65.20947,-0.003603339,0.1867363,-0.3362975,0.0916419,1,1,26.09446,0.1,27.31778
65.71706,0.06432879,0.1313969,-0.2625029,0.03706634,1,1,25.9071,0,27.33089
66.23447,-0.005919278,0.03612328,-0.1362782,-0.3091302,0,0,0,0,0
66.74526,0.1026912,-0.124874,-0.1440892,-0.2842548,0,0,0,0,0
67.26973,0.09716618,0.1416332,-0.2470375,0.0628016,1,1,25.95713,0.1,26.93435
67.79111,0.08474743,0.08866668,-0.263849,0.004775524,1,1,26.0322,0.1,27.66083
68.29638,0.03895581,-0.0727371,-0.3384235,-0.1534232,1,1,25.99709,0.1,27.90101
68.8036,0.002673984,-0.1322486,-0.4041107,-0.2158486,0.9966004,0.7828131,26.02391,0.09364665,27.99517
69.32685,-0.03616577,-0.1328274,-0.4493721,-0.1968477,1,1,26.01845,0.08738321,28.02761
69.84324,0.01886916,-0.1511238,-0.4007478,-0.2127557,0.9046149,0.7848305,26.11295,0,28.04261
70.36488,0.09508753,0.01334643,-0.2250778,-0.1373122,0.7923194,0.7027054,25,0.06911707,32.43628
70.86502,0.1546912,0.1280575,-0.3011876,-0.01474965,0.8576944,0.9315292,26.05307,1.620393,28.01696
71.38789,0.1020606,0.1824086,-0.3527508,0.06164795,1,1,25.98124,1.661012,27.96905
71.91097,0.07721376,0.3142261,-0.3191712,0.1909384,1,1,25.87207,1.739854,27.98464
72.43149,-0.04404771,0.2112569,-0.3677759,0.09376281,1,1,25,2.479013,28.72279
72.93668,0.007174134,0.2630607,-0.3189064,0.1372669,1,1,25,2.591633,28.34396
73.45062,0.08880019,0.2102647,-0.2323511,0.09598887,1,1,25,2.667427,28.46476
73.95985,0.02947414,-0.04468203,-0.2898584,-0.07591581,0.100844,0.2533951,0,0,0
74.46102,0.004303694,0.04505175,-0.3825532,-0.06968021,0.8478792,0.7456461,25.08437,0,29.12567
74.97182,-0.1310852,0.07832503,-0.3401446,-0.08174634,0.7134867,0.7158113,25,0.08476901,29.01904
75.48569,-0.06012022,0.1006615,-0.3368757,-0.04902267,0.5728086,0.3981826,25,0.06123412,28.84946
76.00476,0.05317152,0.07481104,-0.3098885,-0.08062768,0.7833729,0.8180889,25.08917,0.02123129,28.99603
76.51187,0.06692064,0.1330594,-0.29084,-0.01755297,0.7202343,0.8441877,25,0.002257347,29.66101
77.03341,0.06786656,0.06816107,-0.3086588,-0.03324914,0.761929,0.791068,25.19828,0,28.93453
77.55734,-0.0158937,0.05297202,-0.4089097,-0.05121231,1,1,25.12904,0,28.98759
78.06902,-0.07107514,0.05116791,-0.4762376,-0.03692269,1,1,25.15308,0,29.06081
78.56948,-0.01933062,0.02497602,-0.3992039,-0.07423639,1,1,25.13143,0,29.01083
79.08377,-0.05079466,-0.02059591,-0.4471862,-0.113911,1,1,25.06365,0.09522688,29.04152
79.58815,-0.05418694,-0.01050067,-0.4545844,-0.1036357,0.9439669,0.8018072,25.02643,0,29.05154
80.10975,0.4901106,-0.04620326,0.1527423,-0.2552642,0.7357606,0.5316448,25,1.334563,30.16272
80.61186,0.1395062,-0.02620339,-0.1697214,-0.109673,0.9582605,0.6828362,26.62967,0,39.27631
81.11267,-0.007128835,0.06347686,-0.3161693,-0.07113302,0.9176483,0.7716595,26.15552,1.531248,41
81.61845,0.04023254,0.2648411,-0.2778911,0.1256655,1,1,26.32221,3.488995,41
82.13145,0.0926708,0.1227272,-0.2397134,0.002451301,1,1,26.42056,0,33.54628
82.64189,0.1178948,0.07489336,-0.2112588,-0.0541482,1,1,26.47517,0,32.97252
83.14352,0.02433026,0.1141061,-0.1710731,-0.04838824,0.7341895,0.686179,26.48272,0,33.27772
83.65319,-0.1463255,0.1092954,-0.1949003,-0.03806734,0.7346159,0.7508529,25.87587,0,33.51526
84.17073,-0.1806465,0.08513671,-0.1796948,-0.03130126,0.6823291,0.6222943,25.90538,0,33.73441
84.68628,0.08172512,-0.08538496,-0.03111148,-0.3356297,0,0,26.2758,0,31.53756
85.19499,0.1070005,0.07832766,-0.2261791,0.001560152,0.8750951,0.7331638,26.45226,0,33.67838
85.70878,0.09519231,0.09414107,-0.2282992,-0.01752925,1,1,26.61821,0,33.75098
86.2096,0.05275309,0.09791398,-0.2525934,-0.03602064,0.8524514,0.9200131,27.21477,0,32.48619
86.726,0.1561594,0.1239787,-0.1565937,-0.001370549,1,1,33.71036,0,32.47433
87.24216,-0.1778483,0.02982485,-0.08791029,-0.1360605,0,0,0,0,0
87.74859,0.04353607,0.09287703,-0.2728946,-0.03948164,0.9298505,0.930164,27.02172,0.2412769,37
88.25074,0.1250798,0.1404313,-0.1866933,0.02219218,1,1,34.86647,0.1,32.83665
88.77496,-0.1652266,0.1340809,-0.4604105,0.03822237,0.9275777,0.9629399,35,0.7884078,33.9506
89.28531,0.1543773,0.01203489,-0.1706012,-0.1048038,1,1,34.54622,0.1,33.60657
89.80896,0.02181649,0.06411481,-0.2889848,-0.04211915,1,1,34.77472,0.2751497,37
90.31042,0.1559563,0.05545563,-0.1418903,-0.05121088,1,1,37.68921,0,32.78323
90.81869,0.1438636,-0.002819538,0.1291286,-0.1159165,0,0,0,0,0
91.32925,-0.2956313,0.04863322,-0.6507462,-0.04324269,0.9498389,0.5476304,42.775,0,36.09097
91.8556,0.02966666,0.04722047,-0.2918805,-0.07236052,1,1,47.24592,0.1,32.86424
92.37011,0.05720127,0.06828082,-0.256963,-0.05059969,1,1,46.03401,0,37.29135
92.88918,0.04462016,0.05049604,-0.2698621,-0.06167233,1,1,46.98479,0.1,36.23999
93.40551,0.2798678,0.1090004,-0.03631502,-0.02927411,1,1,53.52691,0,35.42532
93.91459,-0.01912111,0.0844214,-0.3259799,-0.02896595,1,1,47,0.4226321,38.64147
94.42699,0.21857,0.05938303,-0.08687651,-0.06719065,1,1,52.98629,0.1,40.50139
94.92866,0.2017782,0.06796479,-0.1153102,-0.04949117,1,1,51.91447,0.1,40.05215
95.44897,-0.1948924,0.08186662,-0.5413101,0.002168298,1,1,50.73945,0,45.86774
95.96214,-0.2056062,0.09966856,-0.5559673,0.004203022,1,1,50.41132,0.1,47.89417
96.48521,0.3091468,0.05493873,-0.02073729,-0.07170653,1,1,53.2161,0.1,40.22334
96.99377,-0.05705398,0.1014667,-0.3626463,-0.004534245,1,1,52.50694,1.355253,41
97.51081,-0.05067503,0.1218038,-0.3419592,0.04364836,1,1,55.26506,0,43.6377
98.02728,0.3595058,-0.06683278,0.0574733,-0.1825882,0.7358733,0.32986,0,0,0
98.53105,0.2690256,-0.172419,-0.1046593,-0.3076503,0.9356141,0.7570905,54.13139,0.1,40.29241
99.0404,0.1389042,-0.1878504,-0.2504848,-0.3237815,0.9382597,0.8427579,53.94803,0,40.43127
99.54562,0.2092453,-0.2187885,-0.1899343,-0.3691189,0.9273753,0.9045013,53.96271,0.7213444,40.23355
100.0685,0.2033219,-0.2202934,-0.1873465,-0.3634081,0.9676038,0.9224603,53.98734,0.7186634,40.23393
100.5776,0.2117202,-0.2497344,-0.1876782,-0.4102924,0.8969607,0.9201679,53.9865,0.1,40.09271
101.0996,0.05585706,-0.1084474,-0.3569134,-0.221391,0.9491001,0.7035877,53.99705,0.09999999,39.97201
101.6032,0.1044266,-0.07748246,-0.2886473,-0.190083,0.9943036,0.6629334,54.0218,0.1,40.03015
102.1187,0.1289681,-0.1114213,-0.2860543,-0.1805242,1,0.6888434,53.99382,0.1,40.02677
102.6406,-0.05614603,0.02093232,-0.1595437,-0.1727307,0.125644,0.1,0,0,0
103.1538,0.08025765,0.01673108,-0.247803,-0.1093258,1,1,54.16381,0,48.00751
103.6596,-0.06611884,0.05187386,-0.3394644,-0.02813613,0.5153133,0.1708352,0,0,0
104.179,0.05614007,0.02429909,-0.2559934,-0.08823895,0.9740742,0.7307895,54.39023,0,45.82471
104.6835,0.1687301,-0.02917695,-0.1759287,-0.1612165,1,1,55,0.07606518,41.22441
105.1938,0.2130989,-0.0474658,-0.1866495,-0.1766187,1,1,54.00694,1.214356,39.97439
105.7118,-0.06416231,0.1208181,-0.3865807,0.008449733,0.9865545,0.7762914,54.41661,0,45.28994
106.2369,0.09947371,0.2091573,-0.2168983,0.07920212,1,1,53.76666,0,45.59753
106.7407,0.1544415,-0.0283221,-0.2180327,-0.1412424,0.7327618,0.5232737,54.02422,0,40.83528
107.2622,0.05689287,-0.1194885,-0.3343737,-0.2564647,0.7292876,0.5301383,53.78326,0,40.28024
107.7624,0.09118068,0.1455638,-0.2380481,0.03100312,0.9866062,0.8745913,54.06525,0.1,42.26625
108.2633,0.08282256,0.1213706,-0.2302861,0.01109678,1,1,55,0.7399138,49.42051
108.7728,-0.02658522,0.09781557,-0.3250418,0.008382857,1,1,57.57274,0,48.6008
109.2852,0.05078924,0.1945493,-0.2783442,0.09202957,1,1,54.60638,0.1,53.60731
109.7925,-0.03502256,-0.03395641,-0.4206598,-0.1245887,1,1,53.89589,0,50.22962
110.3054,0.03147852,-0.03164673,-0.3451682,-0.1235721,1,1,53.81667,0,50.59042
110.8097,-0.05899018,-0.08711243,-0.4606069,-0.1822156,0.9893334,0.6741922,53.94874,0,50.05529
111.3146,-0.1053877,-0.07207096,-0.5406979,-0.1759387,0.910391,0.5841129,53.94928,0,50.07611
111.8325,-0.1151955,-0.04566157,-0.00171721,-0.2591137,0,0,0,0,0
112.3479,0.003384709,0.008663177,-0.3168539,-0.1024163,1,1,54.71352,0.1,55.2178
112.8707,0.1184015,0.05109972,-0.2096158,-0.07426608,1,1,57.92479,0,56.3208
113.3863,-0.3949974,0.02480096,-0.7642501,-0.04464352,0.9258248,0.5819043,59,0.5935001,58.55046
113.8876,-0.01736784,0.09338045,-0.3383241,-0.01358759,1,1,58.325,0.1,60.78125
114.404,0.24049,0.1184903,-0.08511126,-0.0125314,1,1,64.27221,0.1,59.68539
114.9153,-0.1083307,-0.01996851,0.0951457,-0.18432,0.1151751,0.141335,0,0,0
115.4261,0.4123178,0.1193463,0.1460128,-0.05446684,0.3963789,0.2736186,0,0,0
115.9521,0.09876275,0.0653317,-0.2222885,-0.08518755,1,1,62.14549,0,64.96213
116.4651,0.1520022,0.09227484,-0.1570912,-0.05206823,1,1,60.83385,0.4683145,65
116.9837,0.01390076,0.129688,-0.3058012,0.001330554,1,1,63,1.132483,65.57163
117.4954,-0.1614933,0.1076126,-0.5057749,0.004832625,1,1,61,0.7057922,66.58773
118.013,-0.2634215,0.07966179,-0.6262797,-0.00133276,1,1,57,0.03067553,69.61341
118.5353,-0.02428681,0.09110504,-0.357956,0.02923661,1,1,59.10432,0.1,68.59737
119.047,0.03338575,0.09784377,-0.2723293,-0.003567696,1,1,59.3061,1.114316,69
119.5574,0.2802242,0.0267356,-0.06373,-0.1122372,1,1,57.76804,0.03882504,73
120.0755,0.4583429,0.0882889,0.1593323,-0.1137171,1,1,59.08119,1.040068,73
120.5833,0.1512517,0.06924319,-0.1645653,-0.05190063,1,1,65.54527,0.1,72.94444
121.1054,0.09049571,0.1102718,-0.2250778,-0.0005230904,1,1,67,1.07947,72.69716
121.6119,-0.0291127,0.09208536,-0.3825884,-0.01131201,1,1,54.16968,0.6967683,73
122.1262,-0.1803046,0.05622321,-0.5303086,-0.008571744,0.9786227,0.9779472,53.73501,0.1,71.40428
122.6478,0.264778,0.003247321,-0.04521376,-0.1389073,0.6369483,0.494233,0,0,0
123.1483,0.1671933,0.06728745,-0.1647327,-0.0445199,1,1,58.60307,0.1,68.5478
123.6515,-0.1738285,0.1237912,-0.4833618,0.03190386,0.8572617,0.8460029,62.90642,0,66.72192
124.1659,0.02653134,0.09739786,-0.2920543,-0.03112209,1,1,62.22072,0.1,67.93436
124.6913,0.2391343,0.05674148,-0.0860498,-0.05996776,1,1,62.38664,0.1,64.05782
125.197,-0.07453465,-0.08675754,0,0,0,0,0,0,0
125.7174,-0.0121609,0.07444817,-0.3358974,-0.02233267,0.9852782,0.8831036,58.05496,0,63.28229
126.2276,0.283602,0.1095197,-0.05794847,-0.01247883,1,1,52.98576,0.1,64.26149
126.7387,0.195259,0.1189185,-0.127519,0.01807833,1,1,56.59248,1.103225,65
127.2622,-0.008103013,-0.001310706,-0.3689077,-0.1297144,0.7797772,0.5846671,57.09499,0,63.89048
127.7708,-0.02815765,-0.1023036,-0.428578,-0.2100885,0.8900775,0.6699095,57.61276,0,64.12516
128.2941,-0.1161196,-0.07182002,-0.5008909,-0.1655726,0.8960229,0.6132489,57.63512,0,63.91601
128.815,-0.04548317,-0.009715915,-0.4578377,-0.09575379,1,1,57.72131,0.1000002,63.84542
129.3219,-0.1779381,-0.03346515,-0.6035009,-0.05065048,1,1,57.98708,0,63.65424
129.8476,-0.1969528,-0.06716359,-0.5865062,-0.1132129,1,1,58.9273,0,62.84975
130.3695,-0.226844,0.09397095,-0.6363772,-0.04859197,1,1,59.48509,0.06383216,63
130.8763,-0.1967897,0.02541518,-0.5948704,-0.104839,1,1,59.87136,0,63.76777
131.3955,-0.3522714,-0.02114141,-0.6197493,-0.06773829,1,1,59.78473,0,63.4381
131.9068,-0.1077292,-0.03010118,-0.4580255,-0.1390543,0.9569408,0.7541344,55.28262,0.8943828,65
132.4079,-0.07673597,0.09564805,-0.3916461,-0.02140188,0.9892135,0.9659073,50.60147,0,64.72305
132.921,-0.06865889,0.0969854,-0.4022867,0.002456188,1,1,50.42436,0,68.16941
133.4465,-0.04169142,0.1645935,-0.3968538,0.03992236,1,1,46.5084,0.1,64.29369
133.9483,0.1412433,0.0711754,-0.1956849,-0.04328227,1,1,45.02046,0,68.85087
134.4561,0.05712116,0.1271192,-0.2630771,0.006177545,1,1,46.82692,0.1,70.91813
134.9783,0.2142918,0.1160235,-0.1107367,-0.02533901,1,1,51,0.2266716,71.78719
135.4905,0.2919824,-0.06746018,0.1047493,-0.1109804,0.3139361,0.3048635,0,0,0
136.0023,0.1455458,0.1626535,-0.1889552,0.06442177,1,1,46.85918,0.1,67.5673
136.5129,0.2952325,0.1239548,-0.02512574,0.004207015,1,1,46.99598,0.1,66.17587
137.0372,-0.01307809,0.1232713,-0.3294144,0.01230758,1,1,51.32264,0.1,63.88712
137.5562,-0.07282901,0.05671334,-0.4200866,-0.0460999,1,1,49.89594,0.1,64.74339
138.0671,-0.1955454,0.06991637,-0.5275105,-0.03002226,0.8639942,0.7722332,50.99574,0,68.44478
138.5885,0.2992245,0.1175504,-0.03092217,-0.01682913,1,1,51,0.8696383,65.47552
139.0981,0.2278666,0.08151269,-0.07995558,-0.06486988,1,1,54.6772,0,67.45231
139.6027,0.180759,0.1047716,-0.1381226,-0.004332781,1,1,51.05763,0.1,64.86157
140.111,-0.03363276,0.1274557,-0.3641391,0.01065308,1,1,54.61497,0,64.13615
140.6267,0.03365552,0.1404203,-0.2832794,0.03385186,1,1,56.86909,0.1,64.02583
141.1444,0.04580355,-0.01614165,-0.3287689,-0.1399641,0.7733164,0.7749435,59.95781,0,64.35851
141.6668,0.291531,0.05920881,-0.0907042,-0.07189214,1,1,59.95716,0,63.90977
142.1691,0.1127819,-0.04134679,-0.2617128,-0.158691,0.9482097,0.8627339,59.65532,0,64.22169
142.6746,0.1877748,0.04128569,-0.1747747,-0.07285631,1,1,59.80508,0.1,64.19941
143.1837,0.182086,-0.09772074,-0.216201,-0.220488,1,1,59.88495,0.5139316,64.14632
143.7007,0.1798222,-0.01226592,-0.2065953,-0.1234155,0.8844314,0.8351464,59.97138,0,63.98364
144.2166,0.2922921,-0.06827235,-0.1064481,-0.1963916,1,1,59.97416,0,63.98417
144.7244,0.1707642,-0.0528723,-0.2435068,-0.1900511,0.9801912,0.9945128,59.96534,0.1232692,64.18911
145.2441,-0.1727398,-0.1049408,-0.4860185,-0.1747677,0.7336722,0.4908132,59.71057,0.6301823,65
145.7629,-0.3386697,0.009741962,-0.7374384,-0.08705366,0.9481614,0.6794446,57.51948,0,62.33376
146.2661,0.01628566,0.04917043,-0.33841,-0.05594432,1,1,58.14328,0,63.07221
146.7851,-0.07062912,0.01100481,-0.4324977,-0.08581221,1,1,58.178,0,63.25215
147.2975,0.0645721,-0.04561543,0.04325664,-0.1733974,0.1615299,0.2492067,0,0,0
147.8102,0.2462615,0.0005400777,-0.06854856,-0.1181663,0.7311321,0.5408316,60.7037,0,64.42446
148.3248,0.4303164,0.06412959,0.1024306,-0.06861877,1,1,59.04788,0,59.10548
148.8335,-0.002532721,-0.09657347,-0.06766009,-0.1903573,0.2271428,0.0880236,0,0,0
149.3542,0.008339047,0.1243832,-0.3148771,0.02549154,1,1,58.2282,0.1,59.97887
149.8594,-0.1238257,0.07949728,-0.461769,-0.009742618,1,1,59,1.128339,58.85067
150.3621,0.05852103,0.08561444,-0.2774976,-0.01062644,1,1,63.04327,0,59.91576
150.8858,0.1228358,0.06474364,-0.2076592,-0.02660215,1,1,62.79606,0,59.80424
151.3874,0.09288716,0.09932029,-0.2292058,0.01044661,1,1,63.28545,0.1,59.98141
151.8998,-0.2972102,0.1004149,-0.6455978,0.02384794,0.9973906,0.9088797,66.79615,0,62.96073
152.4083,0.04305935,-0.2688301,0.202394,-0.3220898,0,0.02621481,0,0,0
152.9136,0.0445416,-0.04521394,-0.3175423,-0.1152205,1,1,65.11446,0,59.59303
153.4314,-0.0623998,0.0404864,-0.428149,-0.05414414,0.9686199,0.9139168,65.61609,0.08761527,59.66585
153.9462,0.2983048,-0.1345155,-0.08436781,-0.2825661,0.7700061,0.7164343,63.71598,0,59.61756
154.4592,0.1829476,-0.1110426,-0.1907778,-0.2377899,0.7369799,0.7570162,64.13502,0,59.87099
154.9645,0.1721749,-0.103968,-0.2110487,-0.2101675,0.8497148,0.9391091,64.02679,0.1,59.96356
155.4942,0.2634233,-0.1585079,-0.1454881,-0.2794384,0.7769544,0.8315694,64.02248,0.01000332,59.95
156.0197,0.2159787,-0.1937224,-0.174279,-0.3438699,0.7649441,0.901534,64.04108,0.2963213,59.88257
156.5415,0.1850343,-0.1128675,-0.2221704,-0.2497666,0.6929694,0.7268957,64.03026,0,59.88554
157.0475,-0.4604466,-0.09511077,-0.06329703,-0.02331269,0.6524692,0.3781545,0,0,0
157.549,-0.03301954,0.082753,-0.3403211,-0.01387239,1,1,64.97842,1.076064,61
158.0732,-0.2979981,0.0620659,-0.6586045,0.01628131,0.996709,0.9438099,67.03024,1.195267,61
158.5836,0.1056641,-0.1445241,-0.08515441,-0.2096993,0.4767371,0.4665807,68.099,0.5178843,61
159.094,-0.2727519,0.08722287,-0.6263173,0.05016768,1,1,71,0.5875647,63.07382
159.6019,-0.1020081,0.06345236,-0.4330958,-0.003886461,1,1,70.32009,0,74.31207
160.1066,-0.05522478,0.05550718,-0.3832939,-0.02708316,1,1,70.23906,0.1,70.3292
160.6295,-0.1068001,0.07105738,-0.4282697,-0.001371384,1,1,71,0.7000684,76.36588
161.1441,-0.160575,0.08384085,-0.5083753,0.008441687,1,1,70.40694,0,75.30354
161.6676,-0.07595217,0.1414354,-0.4131234,0.07138216,1,1,70.76482,0,83.56413
162.1781,-0.1687645,-0.1154909,-0.5703941,-0.1940194,0.7998062,0.5598537,70.11703,0,78.17002
162.692,0.05420887,-0.05586171,-0.148279,-0.144605,0,0,0,0,0
163.1995,-0.05081695,0.1279428,-0.3784441,0.06198394,1,1,70.60616,0,87.06875
163.7149,-0.04298121,0.09332556,-0.3653921,0.01603717,1,1,70.89729,0,88.2267
164.2254,-0.01346773,0.04464358,-0.3532012,-0.03521919,1,1,70.88689,0,87.26267
164.7501,0.09676099,0.1017127,-0.2361838,0.006275535,1,1,75.0968,0,86.01575
165.2512,-0.007184446,0.08491957,-0.3239787,-0.01899719,0.9270698,0.8201255,71,0.1141939,88.36567
165.7514,0.2013279,-0.0380336,-0.1366411,-0.1675637,0.8423,0.7683625,71.35178,0,86.40095
166.2532,0.04456747,0.05066818,-0.3025302,-0.05905104,0.9687008,0.9167153,71.58001,0,86.09649
166.7762,0.1003984,0.1579942,-0.2511186,0.05735779,1,1,73.9579,0.1,85.56231
167.2811,0.2114325,0.06229639,-0.06631362,-0.07698667,1,1,75.44414,0.8583989,85
167.8035,-0.1346555,-0.05600071,-0.4311153,-0.2180429,0.2396514,0.3176938,0,0,0
168.3058,0.0669018,0.1246698,-0.2608707,-0.01775384,1,1,76.61913,0.6021888,85
168.8299,0.05936372,0.07250768,-0.2589987,-0.05125666,1,1,78.20506,0.1,82.37107
169.3531,-0.03968924,0.10268,-0.373118,0.003425062,1,1,83,0.2349049,81.61934
169.8683,-0.003478527,0.06477404,-0.3222425,-0.0214802,1,1,83,0.7603528,82.16831
170.3887,-0.1269832,0.09265763,-0.4677349,0.01850802,1,1,81.70699,0.1,85.34949
170.9179,0.1882838,0.1023459,-0.09772873,-0.0001730919,1,1,84.92066,0,86.64797
171.449,0.07770431,0.1005647,-0.2411445,0.008886337,1,1,85.88084,0,85.2244
171.9711,0.4766444,-0.05126941,0.103265,-0.1912961,1,1,86.21693,0,83.21558
172.4774,-0.325677,0.009766698,-0.705983,-0.07482207,0.9368739,0.6376991,86.45786,0,90.69229
172.9792,-0.03239381,-0.041219,-0.09327668,-0.1779923,0,0,0,0,0
173.495,0.02018559,0.08093476,-0.2910706,-0.01682961,0.9208254,0.848265,86.52599,0.1,81.85046
174.006,0.5403529,-0.002464533,0.1893076,-0.1491112,0.7765285,0.7308257,87.47192,0.1455709,81
174.5285,-0.02983373,0.02799761,-0.3329681,-0.04879642,0.9625347,0.8043905,87.71613,0.5947481,81
175.0539,0.264863,0.1639002,-0.04210544,0.03577989,1,1,87.92296,0.5518713,83
175.5593,0.07666612,0.02768308,-0.2270262,-0.0603776,1,1,95,0.3543943,82.57353
176.0806,0.007643938,0.07691348,-0.3240076,-0.01078868,1,1,90.63135,0,86.3119
176.5893,0.4897449,0.1057533,0.1387777,-0.106199,0.5335608,0.3838975,0,0,0
177.1022,0.04150462,0.058442,-0.263076,-0.0219661,1,1,96.8861,0,86.4752
177.6248,-0.08220559,0.09192741,-0.4115828,-0.007751107,1,1,91,0.5554872,88.64674
178.1356,-0.08573699,0.06139535,-0.3745888,-0.01860893,0.9931525,0.89858,94.07993,0.1,90.97141
178.6472,-0.1208942,-0.009504676,-0.3780987,0.003666818,0.5983518,0.779888,0,0,0
179.1713,0.03442454,0.1040131,-0.2788197,0.005644977,1,1,96.10092,0.1,94.23881
179.6776,-0.3523282,0.05692267,-0.7244208,-0.02049458,0.9477925,0.8990796,94.03288,0,98.00548
180.2012,0.5300864,0.09192139,0.212981,-0.04831457,0.6780887,0.5263853,0,0,0
180.7241,-0.2966921,0.04209626,-0.6224148,-0.009565234,0.9576327,0.927161,99,0.7350755,95.96992
181.2318,0.02685177,0.06541902,-0.2920783,-0.01459122,1,1,98.7374,0.1,97.42408
181.7452,0.1380154,0.05168992,-0.1893587,-0.0406369,1,1,102.6468,0,97.993
182.265,-0.0353694,0.1422322,-0.3294803,0.04661322,1,1,106.4513,0,98.21863
182.7872,-0.07028627,0.1133792,-0.3778058,0.01493192,0.9277752,0.860936,103,0.3651397,99.01588
183.2959,-0.299763,0.07420164,-0.6685381,-0.01504362,0.8952152,0.8371211,102.2529,0,102.2768
183.8197,0.305655,-0.0229218,0.1676668,-0.0007383823,0,0.06698293,0,0,0
184.3376,0.1081413,0.158145,-0.2114842,0.06068748,1,1,108.3882,0.242516,99
184.8397,-0.002958655,0.08869392,-0.3336547,-0.004848003,1,1,106.3801,0,102.6755
185.3477,0.3451723,0.08216673,0.06117046,-0.04828465,0.4082088,0.3889043,0,0,0
185.8709,0.1439369,-0.2303661,-0.3281323,-0.3618784,0,0,0,0,0
186.3825,-0.003269196,0.1118318,-0.3182035,-0.002402902,0.911818,0.9373569,105.8938,0.1,97.79387
186.9027,0.2352211,0.06677645,-0.06311899,-0.08943331,1,1,102.3466,0,97.37885
187.4276,0.1211734,0.1512279,-0.1795575,0.01370221,1,1,100.4609,0.1,98.35885
187.9447,0.02480602,-0.08398306,-0.03138304,-0.2664295,0,0,0,0,0
188.4654,0.1816835,0.138329,-0.1366217,0.004312158,1,1,98.02687,0.1,94.2903
188.9657,0.3391904,0.1054356,0.05248868,-0.05098581,1,1,94.49886,0.1,93.42721
189.4839,0.1298808,0.1494155,-0.1780407,0.03970307,1,1,91.62458,0,94.28076
190.0007,0.1294093,0.1703665,-0.1878926,0.05027384,1,1,89.59161,0,88.9311
190.5059,-0.2392201,0.0812692,-0.4943933,0.07034838,0.4291103,0.4395362,0,0,0
191.0191,-0.008847654,0.1129384,-0.2979726,0.008342564,0.8385478,0.9591921,94.21485,0,90.5202
191.5236,0.1179137,0.1208145,-0.166123,0.02227026,1,1,91.09431,0,85.77074
192.0415,0.02812302,0.1828008,-0.2943593,0.08892459,1,1,99.56056,0.1,85.78491
192.565,0.03586125,0.08494902,-0.278096,-0.000521183,1,1,96.71552,0.1,85.32104
193.0724,-0.01364017,-0.06521928,-0.03042358,-0.1602883,0.01710401,0.03641949,0,0,0
193.5867,-0.09437299,0.08667445,-0.4145188,-0.007183433,1,1,96.83356,0.7742246,85
194.1027,0.1395886,0.08697563,-0.1594426,-0.03653681,1,1,97.94387,0,81.96743
194.6093,-0.2311875,0.004827857,0.08452463,-0.1160619,0.4357429,0.3830827,0,0,0
195.1136,-0.1536233,0.0692026,-0.502256,-0.008135557,1,1,97.76952,0,89.47907
195.6225,-0.1452925,-0.001533508,-0.1217749,-0.1353961,0.2349895,0.3085575,0,0,0
196.1225,-0.1419842,0.1300814,-0.4944589,0.05218142,1,1,97.94367,0.1,88.83676
196.6433,-0.04725766,0.06870914,-0.4161357,-0.008185148,0.9984768,0.9709647,97.96506,0,89.68159
197.1525,0.006046057,-0.02781498,-0.3660679,-0.09544003,1,1,97.88419,0,89.01595
197.6619,-0.01981521,0.04626167,-0.3938634,-0.005717754,1,1,97.99254,0.1,89.62712
198.1744,-0.01749247,-0.1301379,-0.4081824,-0.1951402,1,1,98.30531,0,90.37907
198.6868,0.1196353,-0.2716379,-0.2925186,-0.4539944,0.5409611,0.8074448,98.23006,0,89.94315
199.2075,0.1909113,-0.3145093,-0.2259808,-0.4310182,0.8361751,0.9250042,98.14667,0.5946651,89.87568
199.727,0.1496291,-0.1108617,-0.2448912,-0.2041638,0.9899793,0.9798563,98.02991,0.1,90.00462
200.2302,0.2113328,-0.1508572,-0.1986821,-0.2729428,1,1,98.04382,0.1513223,89.94294
200.7462,0.01582539,0.07225311,-0.2732961,-0.009232759,1,1,98.03104,0,86.27206
201.2657,0.119418,0.06311959,-0.2090575,-0.04521799,1,1,98.36531,0.1,85.23331
201.7681,-0.2190081,0.07120728,-0.5482472,-0.008908272,0.8613408,0.6733647,101.7193,0,86.00366
202.2814,0.02082968,0.08020109,-0.302763,-0.007758737,1,1,102.5676,0.1,86.72359
202.7831,-0.1753955,0.07887369,-0.4691797,0.02105361,1,1,103.2059,0.8296826,87
203.3014,-0.1445553,0.08618462,-0.4700968,0.02072716,1,1,103.039,0,89.71906
203.8161,-0.1525554,0.08443856,-0.4578934,0.02204341,1,1,103,0.3355217,88.90688
204.3172,0.1577204,0.06025285,-0.1643612,-0.02237773,1,1,106.4972,0,90.28709
204.8408,0.08131313,0.05620682,-0.2477868,-0.03586221,0.9499245,0.915109,102.1121,0.1,86.82257
205.3547,-0.03909379,0.1680424,-0.3460851,0.0968352,0.3841034,0.3945831,0,0,0
205.8771,0.01238942,0.07376134,-0.3247367,-0.02545333,1,1,105.9027,0.1,86.17538
206.3796,0.3252645,0.08393478,0.003162503,-0.0363158,1,1,106.7276,0,81.65913
206.902,0.158016,0.09512925,-0.1614585,-0.01193953,1,1,105.4838,0.1,82.42255
207.4151,0.411728,0.07013273,0.087183,-0.07421124,0.9617159,0.9897321,103.6968,0.7049236,81
207.9364,0,0,0.9318168,-0.08016956,0,0.09722409,0,0,0
208.4414,0.005006433,0.08084089,-0.3441197,-0.009996533,0.9236141,0.8240303,107,0.3122354,83.93598
208.9606,-0.0273664,0.1155359,-0.323246,0.01479417,0.9015553,0.8508686,106.3778,0.1,84.96123
209.4813,0.00875783,0.08587539,-0.3150157,0.01055014,1,1,107,1.160237,84.97681
209.9925,0.2883741,0.04631692,-0.003130198,-0.0900321,1,1,111,0.7958601,85.04038
210.5054,0.1520628,0.1037178,-0.1764162,-0.0001709461,1,1,110.4803,0,82.05183
211.0075,-0.2228653,0.08571684,-0.5322881,0.01341271,0.9087604,0.7286193,111,0.8471904,87.84229
211.5143,0.001390219,0.1590985,-0.3250635,0.06574339,1,1,109.6774,0,92.11191
212.0276,0.05394256,0.076738,-0.2757815,-0.02033865,0.8658502,0.745691,110.5878,0.1,82.43195
212.5493,-0.10115,0.1222625,-0.4008083,0.04072708,0.9265878,0.8579341,111.2444,0.8592415,81
213.0614,0.03150737,0.09453583,-0.2941226,0.0009271502,1,1,115.4882,0.1,82.82143
213.5657,-0.2935975,0.040838,-0.6640905,-0.03413928,0.9671909,0.8440667,114.3252,0,86.76688
214.0882,0.09256482,-0.04014957,-0.03021729,-0.1155879,0,0,0,0,0
214.6129,-0.09132844,0.09168518,-0.3803843,0.03260309,1,1,115.2753,0.7646489,83
215.1261,-0.03760719,0.07102555,-0.3514985,0.004621863,1,1,118.2814,0,85.7496
215.6468,-0.3348496,-0.002786994,-0.694512,-0.05516088,0.9710066,0.8653135,119,0.1700006,84.83906
216.164,-0.2125017,0.07037705,-0.5773419,0.01228446,1,1,120.9906,1.210286,83
216.6739,-0.1480136,0.0412811,-0.4541543,0.003951252,1,1,122.0417,0.1,85.44141
217.1898,-0.08230317,0.07673025,-0.4103052,0.02270752,1,1,123.5545,0,86.50005
217.6974,-0.2009133,0.08613038,-0.5370635,0.02793032,1,1,122.8913,0.1,87.50693
218.2137,0.07885003,0.125815,-0.2507668,0.03321838,1,1,127.1399,0,85.47632
218.7254,-0.06966919,0.05900556,-0.3950336,-0.02024436,1,1,127.7007,0.1,86.80158
219.2311,-0.1207325,0.1021456,-0.4614884,0.01885146,1,1,127,0.1600646,89.62594
219.7523,0.1113219,0.1257646,-0.2114874,0.02188307,1,1,129.0823,0.1,85.44492
220.2629,0.08596647,0.1629356,-0.2117596,0.04824018,1,1,131,0.7910637,84.33421
220.7873,0.2354733,0.1172022,-0.07900637,-0.01919699,0.9172925,0.8891078,129.8922,0.1,82.73014
221.2985,0.2686421,0.1020638,-0.0002687573,-0.06073487,0.9008229,0.763427,129.515,1.032128,81
221.8133,0.2138675,0.1177139,-0.09538496,-0.00314486,1,1,125.6245,0,81.67474
222.326,0.08047664,0.04152006,-0.2487344,-0.05694807,0.731656,0.57218,135,0.5960737,81.74206
222.838,-0.0580641,0.06749785,-0.4055018,-0.02272522,0.8557693,0.773211,130.8037,0,85.46452
223.3633,-0.08350492,0.1160339,-0.4133037,0.02526838,0.9326749,0.9579438,130.4599,0.1,85.13503
223.888,0.210529,-0.1116277,-0.169883,-0.1859628,0.8944539,0.843204,130.3905,0,83.60178
224.3982,-0.4139245,-0.01903951,-0.05962771,0.1281032,0.7567864,0.4373023,0,0,0
224.9153,0.09626639,0.06009734,-0.240683,-0.04122114,1,1,133.4666,0.1,85.86201
225.4178,-0.1783064,0.05139846,-0.5321053,-0.01593411,1,1,133.9951,0.09292567,91
225.9296,0.05571997,0.06942445,-0.2786513,-0.01293659,1,1,133.8383,0.1,89.33432
226.4493,0.5115474,-0.001195192,0.1983092,-0.14949,0.7380772,0.5239914,133,1.140896,88.26868
226.9562,0.02240956,0.05110598,-0.3135405,-0.05448985,1,1,130.265,0,90.09807
227.4874,-0.02757967,0.1157622,-0.3771668,-0.00933075,1,1,133.4933,0.1,86.28255
228.0026,0.1281279,0.0818128,-0.215034,-0.04097271,0.9403209,0.9297374,134.4891,0.7733128,85
228.5109,-0.3073178,0.02653444,-0.657455,-0.04480207,0.8952084,0.6075518,132.7074,0,90.40936
229.0242,0.08094692,0.1452722,-0.230639,0.02679247,1,1,133,0.9109377,87.35802
229.5258,0.4895999,0.06092513,0.1840925,-0.05613708,0.4261225,0.3706598,0,0,0
230.0436,0.129796,0.09345603,-0.1867151,-0.007576108,1,1,129.7849,0,86.65076
230.5562,0.03788447,0.09755576,-0.2700673,-0.008286238,1,1,129.3881,0.1,86.09293
231.0611,-0.3303788,0.03625923,-0.7086695,-0.05429888,0.9030294,0.6288782,129.2349,0,82.39195
231.575,-0.05379188,0.0914408,-0.3779702,-0.003448486,1,1,130.5317,0.1,82.39142
232.0938,0.4471173,0.07147568,0.13682,-0.07453537,0.9659585,0.9389278,127.2785,0.5544124,81
232.6084,-0.466561,0.02361465,-0.1939224,-0.1136221,0.4094164,0.4102941,0,0,0
233.1155,-0.1611211,0.08970839,-0.4697829,0.03207964,0.9374688,0.9801673,133.8566,0,82.3719
233.6382,-0.126017,0.1114647,-0.464771,0.03888911,0.97504,0.9298123,130.2382,0,85.86195
234.1574,0.08611393,0.06809431,-0.2447241,-0.04191256,1,1,130.0838,0.1,85.68746
234.6739,-0.2526286,0.1000255,-0.5911345,0.02461243,0.9670553,0.9522645,126.8932,0,86.53677
235.1946,-0.02846891,0.1128079,-0.3322594,0.02992857,1,1,126.1599,0.1,86.4266
235.7012,0.08269727,0.07968926,-0.2088736,-0.009810328,1,1,125.9982,0,89.89091
236.2202,-0.1733786,0.1055886,-0.4846539,0.02371293,0.9200761,0.9011137,122.8904,0.1,86.52351
236.7243,-0.1144066,-0.08718872,0.03665125,-0.2825383,0,0,0,0,0
237.2348,0.04943514,0.1262163,-0.2639019,0.02851427,1,1,122.8135,0,92.64923
237.7435,0.1767114,0.1022933,-0.1395975,-0.01825011,1,1,122.9496,0.1,91.58125
238.2583,0.1965219,0.1224856,-0.1270021,-0.01162076,1,1,122.922,0.1,91.65575
238.7793,0.04777801,-0.06271935,-0.02741402,-0.04275286,0.4569781,0.6943982,0,0,0
239.2926,-0.04527998,0.0777905,-0.3748249,-0.02458942,1,1,125.6172,0.1,95.07111
239.8086,0.4047666,0.05046707,0.06988692,-0.1034673,1,1,129.5295,0,94.926
240.315,-0.01969248,0.1050119,-0.3541199,-0.01465762,1,1,127.2835,0.1,98.07145
240.8203,0.3201026,0.07093984,0.0044837,-0.07610822,1,1,133.4046,0,98.04914
241.3288,0.1776704,0.08992404,-0.1453753,-0.03513598,1,1,131,0.09751201,99.31971
241.842,-0.1796886,0.1049241,-0.5235998,0.01000178,1,1,127.5453,1.005173,99
242.3605,0.09337974,-0.04845035,-0.03307587,-0.1547825,0,0.04274601,0,0,0
242.8648,0.008005619,0.08998507,-0.2861586,-0.0186069,1,1,131.6733,0.6196408,99
243.3864,-0.105671,0.0862239,-0.4551176,0.00464201,1,1,133.3489,0,106.5994
243.8974,0.1107271,0.03175354,-0.1558914,-0.003307223,0.1596582,0.3992274,0,0,0
244.4165,0.08395934,0.09723526,-0.2327691,0.008656919,1,1,134.2992,3.99338,111
244.9319,0.0007712841,-0.005796313,-0.325226,-0.105617,1,1,133.2157,0,109.982
245.4383,-0.02000082,0.07505113,-0.349596,-0.01032424,1,1,129.6109,0.1,106.1148
245.961,-0.2275255,0.00778693,-0.5956891,-0.04750288,1,1,130.8052,0.1,105.3513
246.4831,0.0007950068,0.09061432,-0.3343993,0.02414292,1,1,134.0642,0.1,109.109
246.9971,-0.3579369,-0.03544903,-0.1583903,-0.1417583,0.3369335,0.4435334,0,0,0
247.5066,-0.1752582,0.1370575,-0.5158048,0.05462128,1,1,133.5694,0.1,101.8049
248.0236,-0.06119919,0.06974953,-0.3827971,-0.02381146,1,1,133.4091,0.1,100.512
248.5425,0.06015944,0.07783175,-0.2289494,-0.03549528,0.9684393,0.8543611,130.7161,0,97.15615
249.0615,0.04538119,0.1115072,-0.2718364,0.02308214,1,1,129,0.4857771,99.05193
249.5719,0.2885153,0.01940018,0.06275773,-0.07843065,0.248946,0.3999798,0,0,0
250.0919,-0.2218205,-0.08324003,0,0,0.04791233,0.05202856,0,0,0
250.6151,0.1201035,0.08844602,-0.19779,-0.01761663,1,1,124.1638,0.1,98.42287
251.1325,-0.3092057,0.07298905,-0.6743242,-0.004871845,0.9685695,0.8477825,126.0163,0,94.39389
251.6392,0,0,-0.008229613,-0.1613739,0,0.1750201,0,0,0
252.1425,0.4191787,0.04985291,0.111604,-0.08937168,0.7123275,0.6692317,127,1.274474,95.11193
252.6537,-0.06104338,0.1178613,-0.3976437,0.02694899,1,1,133.5186,0,94.61604
253.1789,-0.09595984,0.06147057,-0.2011354,-0.03230786,1,1,130.9531,0.1,94.7383
253.701,-0.5216019,-0.02940583,-0.5977836,-0.01642835,1,1,128.3779,1.023855,95
254.2098,-0.05914605,-0.008843184,-0.3639873,-0.05777705,1,1,132.6985,0.1,94.37633
254.7269,-0.3675027,-0.07918835,0.6894391,-0.1458706,1,0.6635939,134.2377,0.5276449,95
255.2503,-0.4953525,0.0263809,-0.03560847,-0.1423042,0.3227395,0.1684059,0,0,0
255.7741,0.03257942,0.09270167,-0.2876694,-0.01179683,1,1,126.5335,0.1,94.53688
256.2798,-0.05077851,0.05495149,-0.3693892,-0.04313159,1,1,121,0.06698382,94.40269
256.784,-0.03362769,0.09644961,-0.3543255,0.009179711,1,1,122.5824,0.1,94.04245
257.2857,-0.3659863,0.04051912,-0.7522772,-0.04126418,0.8784899,0.7584785,121.4168,0,90.84056
257.8149,-0.05631202,0.06746489,-0.3817194,-0.01756287,1,1,122.2985,0.1,89.18487
258.3335,-0.0592882,0.05802476,-0.3745906,-0.02338517,1,1,121.4221,0.4681178,81
258.8346,0.1215868,0.1270878,-0.1371264,0.005932868,0.897961,0.8901401,121,1.279181,84.99254
259.3412,0.1430666,0.07573009,-0.1426653,-0.04749119,0.9250835,0.8782629,127,0.2879524,87.64397
259.8537,0.06148648,0.1222883,-0.2443309,0.02216005,1,1,127.894,0,86.18306
260.3787,0.02774656,0.07574874,-0.2883748,-0.03819513,1,1,126.3947,0.1,86.97958
260.8875,-0.1483462,0.1083518,-0.4649122,0.01559758,0.9993163,0.9983375,127,0.559227,89.32652
261.3991,0.1948686,0.07625335,-0.1257062,-0.04259908,1,1,131.491,0.1,85.7128
261.9139,0.4943137,0.02262038,0.1983821,-0.157289,0.9130345,0.8803877,131,0.8621407,84.62725
262.4293,0.1352936,0.04679847,-0.1874408,-0.04966688,1,1,130.5292,0,82.17455
262.9382,0.01538849,0.07694459,-0.3121173,-0.03101408,0.9453494,0.8117015,133.9279,0.1,86.58618
263.4622,-0.1329458,0.107099,-0.4407178,0.01602387,1,1,135,0.955482,88.24496
263.979,-0.06006187,0.03677016,-0.3948747,-0.04265809,1,1,133,0.5656691,88.94683
264.4917,-0.5251145,-0.007029772,-0.04314727,0.02755874,0.4203993,0.3470421,0,0,0
264.9953,-0.08431333,0.07313138,-0.4024208,-0.0261873,1,1,128.8563,0.1,86.01935
265.5143,0.003879428,0.1104919,-0.3016284,0.01882482,1,1,126.1787,0.1,86.7354
266.0284,-0.05186188,0.1231586,-0.3527211,0.04151189,1,1,121,1.088503,85.05582
266.549,-0.116219,0.1006721,-0.4430641,0.01347333,1,1,121.0849,0.2542481,81
267.0514,0.2399331,0.078206,-0.008481622,-0.01996183,0.3639517,0.3381562,0,0,0
267.5579,0.00955081,0.07817322,-0.3146213,0.0001098514,1,1,114.7435,0,82.50652
268.0692,-0.09253019,0.1027508,-0.4057952,0.01295507,1,1,115.7024,0.2332454,83
268.5854,0.09834599,0.0814209,-0.2117187,-0.01887691,1,1,118.4318,0.3276854,87
269.1032,-0.07404405,0.1022732,-0.4079306,-0.0009675026,1,1,115.7238,0.3394923,83
269.6207,0.09642577,0.08673048,-0.2020465,-0.01907444,1,1,114.072,0,86.47329
270.1478,-0.03988892,0.1061614,-0.3478656,0.003800035,0.9810322,0.9867266,111.7251,0.490508,83
270.6509,0.09801483,0.1349756,-0.2175823,0.01786774,1,1,110.4164,0,89.72693
271.1715,0.4854095,0.01706469,0.2407025,-0.1886441,0.3600155,0.4071331,0,0,0
271.695,0.04039502,0.1162181,-0.2447098,0.01585776,0.8594334,0.92976,112.6567,0.3995733,83
272.2068,0.05628359,0.1258541,-0.2506549,0.01023561,1,1,114.4693,0.1,87.08217
272.7309,-0.1046897,0.1312361,-0.4295503,0.05415559,1,1,113.5877,0.1,86.7475
273.2497,-0.08035338,0.1129686,-0.399429,0.02691346,1,1,114.9381,0.1,88.29004
273.7633,0.2462326,0.1222488,-0.04763412,-0.002940416,1,1,118.3642,0,90.91386
274.284,0.2348444,0.0397526,-0.09601301,-0.08051538,1,1,117.594,0,90.16216
274.8024,0.09896851,0.08288193,-0.2055272,-0.02306747,0.9477977,0.976762,117.4122,0.1,90.21851
275.3229,0.01845753,0.1008686,-0.2342053,-0.001423478,0.8494002,0.7779064,117.1062,0.1,89.94701
275.8439,-0.08218598,0.06963503,-0.3775705,-0.04277205,0.8389845,0.6512102,113.4709,0.9826254,91
276.3571,0.03280783,0.1185516,-0.2862554,0.01383758,1,1,114.0239,0.1,86.61364
276.866,-0.1171788,0.1281262,-0.4331082,0.04467893,1,1,113.6302,0.1,85.32955
277.39,-0.1484334,-0.06091881,0.123263,-0.09106052,0.2843644,0.3174728,0,0,0
277.9036,0.04805112,0.1370091,-0.2662523,0.03770399,1,1,119.8634,0.1,82.67173
278.4257,-0.04517168,0.1200027,-0.3505445,0.02536577,1,1,119.8055,0,82.77695
278.9462,0.1189249,0.07465911,-0.1941623,-0.04754865,1,1,121.0631,0.1,82.99942
279.4513,-0.1258809,0.1234701,-0.4600354,0.02563459,1,1,122.2597,0,86.78825
279.9538,0.1881539,0.058451,-0.1328287,-0.06043243,1,1,123,0.5074732,84.87661
280.4755,0.1103435,0.1313211,-0.2101925,0.01274663,1,1,128.0827,0,85.33249
280.977,0.1269867,0.1125742,-0.1835968,0.00110662,1,1,128.445,0.1,85.55985
281.4977,-0.1664394,0.01192594,-0.06162047,-0.06816757,0.4142719,0.5322241,0,0,0
282.022,0.1880357,0.09425336,-0.1281248,-0.03137302,1,1,125.9823,0.1,85.9902
282.5225,0.2279408,0.121555,-0.08283418,0.0009874105,1,1,127.5896,0.1,85.51044
283.0275,0.1805056,0.1147656,-0.1267975,-0.002821922,1,1,127.8495,0.1,85.67009
283.5328,0.5412698,0.05265564,0.2223449,-0.116946,0.8378482,0.8113012,131,0.5443211,84.27652
284.0446,0.1768721,0.07119232,-0.1246084,-0.03434741,1,1,129.9126,0,82.25849
284.5595,0.04770267,-0.04007781,-0.3435985,-0.162961,0.5960419,0.5763761,130.3179,0,85.54714
285.0648,0.07954538,0.04418516,-0.2748116,-0.08598983,0.860494,0.7475085,130.3848,0,85.84908
285.5828,0.1279732,0.003017187,-0.2255638,-0.1484276,0.8981069,0.8300303,130.141,0,85.87733
286.0912,0.1161827,-0.05404603,-0.2381172,-0.1785735,0.7068045,0.7721079,130.0834,0.100001,85.94025
286.5984,-0.1653401,0.04029006,-0.5015088,-0.0378077,0.8468663,0.6287863,126.4699,0,85.99047
287.1001,0.08679807,0.1143153,-0.2266431,0.02378976,1,1,123.6403,0.1,86.13105
287.6213,0.01964498,0.1063989,-0.2802934,0.02552551,0.9761699,0.9867741,121,1.298239,85.79007
288.1365,-0.143318,0.09133893,-0.4800721,-0.00954175,1,1,121,0.7049217,84.02889
288.6437,0.08654642,0.0844146,-0.2087548,-0.01210248,1,1,121,1.219644,85.93362
289.1669,-0.2282383,0.09235597,-0.5662667,-0.00401473,0.91154,0.8941581,121,0.8442745,84.57247
289.6779,0.4664471,0.09045637,0.171429,-0.08500397,0.6505458,0.5912884,0,0,0
290.2012,-0.1682375,0.08235717,-0.4974756,-0.02288043,0.9769736,0.9652916,118.8958,0.1,81.89176
290.7172,0.08146572,0.0929051,-0.2351924,-0.01257741,1,1,116.3805,0.140191,83
291.2328,0.1423402,0.08839792,-0.1731311,-0.02965927,1,1,118.2221,0,86.10851
291.7429,-0.1209054,0.1005815,-0.4679911,-0.008589149,0.9635728,0.9392975,114.2811,0.1,82.77626
292.2533,0.1682959,0.1563394,-0.1355705,0.03847581,1,1,113.1571,0,87.26937
292.7597,-0.2329494,0.108732,-0.5836872,0.004035711,0.8564189,0.7365022,110.0777,0.1,82.56184
293.2762,0.2500609,0.09459305,-0.08181143,-0.02855825,1,1,110.8247,0,86.84306
293.7872,0.03541231,0.153073,-0.2102177,0.04836518,0.8240063,0.869823,0,0,0
294.2941,-0.06249696,0.1775243,-0.3917708,0.08531493,1,1,103.4833,0,85.59815
294.8076,0.1122202,0.1338699,-0.1915969,0.04101992,1,1,110.8567,0,91.98399
295.3159,0.1148729,0.1361164,-0.1887196,0.03466111,1,1,110.0243,0,91.67767
295.8239,-0.2511741,0.08668029,-0.592795,0.003098011,0.9918485,0.9805602,103.6826,0,93.41966
296.3404,0.2065673,0.02646196,-0.1094477,-0.09577394,1,1,112.4627,0.1391821,95
296.8594,0.07759094,0.1293805,-0.2358794,0.0321663,1,1,113.3486,0.1,94.61461
297.3643,-0.1105905,0.09239054,-0.4356256,-7.283688E-05,1,1,113.2526,0,98.39993
297.8702,0.3219802,0.04068273,0.005430698,-0.09162951,1,1,118.293,0,98.97587
298.3774,-0.3288539,0.04789507,-0.7059656,-0.03734696,0.9662756,0.7726724,119,0.8647227,98.99734
298.8877,0.00801909,-0.06304514,-0.369581,-0.1707253,1,1,118.086,0.1,99.76939
299.4117,0.02920115,0.1531284,-0.3292457,0.04362869,0.9424486,0.9952731,117.6717,0,99.30879
299.9326,-0.08782518,-0.01938081,-0.4807541,-0.0970962,1,1,118.0833,0,99.93158
300.4472,-0.01364332,-0.03627789,-0.4083515,-0.1283691,1,1,118.0808,0,99.96864
300.9548,-0.05146807,0.04594558,-0.4482753,-0.0148102,1,1,118.1106,0.2274884,99.96352
301.4596,-0.07234269,-0.01128721,-0.3011804,-0.1495831,0.3758553,0.5594413,0,0,0
301.9673,-0.1713319,0.0595932,-0.520748,-0.006538391,1,1,114.9806,0,97.81799
302.4727,0.2603159,-0.01135039,-0.0593074,-0.1198961,0.8757477,0.8156205,115.7339,0,102.3662
302.9966,0.09110975,0.05619097,-0.2120816,-0.03792036,1,1,117.9043,0,104.0238
303.5102,0.004783034,-0.1760228,0,0,0,0,0,0,0
304.0183,0.1711632,0.0598771,-0.1376503,-0.05688798,1,1,123.7706,0.1,102.6946
304.5341,-0.298218,0.07394046,-0.6742363,-0.01244092,0.9827517,0.8024596,122.5251,0,107.0368
305.0358,-0.05621552,0.1037436,-0.3865534,0.002193153,1,1,122.9503,0.1,108.2895
305.5487,0.07031095,0.1016644,-0.2420722,-0.01605356,1,1,126.0672,0.1,106.4387
306.0673,-0.07178861,0.1092739,-0.3970452,-5.888939E-05,1,1,126.4019,0,110.1165
306.5777,-0.1111726,0.1583722,-0.4477113,0.07916063,1,1,127,3.067665,112.0979
307.0842,-0.009662449,0.1629915,-0.2977905,0.06250596,1,1,127.0558,2.213015,111
307.5934,-0.09677428,0.04726291,-0.4323157,-0.05320036,1,1,129.1169,0,110.4201
308.1169,0.1488817,0.07154119,-0.1670835,-0.04707968,1,1,128.9873,0.1,110.6601
308.6213,-0.04271334,0.1212663,-0.3590624,0.01773757,1,1,130.1992,0.3967546,115
309.1414,0.2057772,0.07686335,-0.1076352,-0.04936171,1,1,135,0.00608778,115.4114
309.6717,0.05123937,0.09537971,-0.2439736,-0.01094067,1,1,135,0.01550686,116.1135
310.1948,-0.0163179,0.1355278,-0.3119323,0.02817971,1,1,134.5168,0,121.1874
310.7086,-0.1638795,0.04766512,-0.5117828,0.001974702,1,1,133.255,0,121.3991
311.2259,-0.1186153,0.04702497,-0.4385235,-0.007024646,1,1,133.3661,0,119.5198
311.7385,-0.2254096,-0.06015456,0.005748034,-0.1552235,0.03465547,0.3956696,0,0,0
312.2615,-0.1187916,0.02667707,-0.4565516,-0.07083309,1,1,129.6747,0.1,114.3097
312.7847,0.1001643,-0.1054165,0.09068108,-0.1874835,0,0.1009997,0,0,0
313.2873,0.191874,0.05121493,-0.03949893,-0.0713799,1,1,131.163,1.668496,115
313.8111,0.3109432,0.067195,0.02152097,-0.0500319,1,1,131,0.1946191,110.5596
314.3289,0.09118497,0.07453078,-0.2218648,-0.02039874,1,1,130.3935,0.1,110.3104
314.8451,0.1011232,-0.1410555,0,0,0.1,0.2085945,0,0,0
315.3595,-0.1923372,0.1095335,-0.5207502,0.02536201,0.944424,0.8330364,126.9178,0,109.9908
315.8882,0.01870394,0.07065672,-0.3009396,-0.04536581,0.9779441,0.9615495,126.6239,0,109.7679
316.3956,0.1812584,-0.2025622,0,0,0,0,0,0,0
316.8968,0.01581752,0.1811029,-0.3567423,0.06305969,0.898787,0.9939418,127.4666,0,109.7449
317.4034,0.05841494,0.1076868,-0.2792419,0.01151216,1,1,129.3042,0,110.3361
317.9166,0.1552891,-0.06927395,-0.2178268,-0.2075616,0.7562912,0.8725669,128.0731,0,110.1226
318.4389,0.1351111,-0.1129684,-0.2496279,-0.1985235,0.8081124,0.8354985,127.9247,0,109.9885
318.9599,0.159018,0.004498124,-0.2333277,-0.09784651,0.9739386,0.9398895,127.958,0.09999999,110.0386
319.4604,0.1641597,-0.03882861,-0.2345297,-0.1634495,0.8903178,0.9047471,127.9588,0,110.0334
319.9728,-0.05025011,0.07864916,-0.3681655,-0.01952255,0.7149688,0.668932,130.238,0,110.8042
320.4745,-0.0316211,0.07374543,-0.3442926,-0.02694249,0.9068295,0.7646673,127.0755,1.148011,111
320.9991,-0.2294736,0.05008936,-0.5487714,-0.04602754,0.8286671,0.7048293,125,0.1851583,110.3254
321.5115,0.002586842,0.03681266,-0.2964358,-0.07407665,0.9492798,0.8231718,125.2871,0,109.8652
322.0184,-0.008896172,-0.1394228,0,0,0.01559858,0.1582533,0,0,0
322.5202,0.002927065,-0.009951591,-0.352351,-0.1111479,1,1,126.4889,0,110.6033
323.0284,0.05792236,0.1563085,-0.2713129,0.05625045,0.5795633,0.5594077,0,0,0
323.5373,0.1583205,0.07712615,-0.1469008,-0.03710508,1,1,125.1564,0,115.2367
324.0582,0.06574965,-0.01535451,-0.3108858,-0.1425378,0.6368515,0.5881252,126.9572,0.9711313,110.1118
324.5629,-0.0278514,0.04911894,-0.3865488,-0.03684723,0.9117932,0.7663373,125.9672,0,110.7524
325.0828,-0.08487642,0.009484053,-0.442182,-0.08417022,1,1,125.8351,0,110.8183
325.5848,-0.1255085,-0.05834818,-0.5104504,-0.1424106,0.9204651,0.7139498,126.1921,0.03961181,110.4561
326.1082,-0.05953383,0.02359116,-0.4163763,-0.0779314,1,1,126.1716,0,110.5583
326.6207,0.1081314,0.1845077,-0.1502641,-0.003682137,0.5202357,0.4647216,0,0,0
327.1351,0.4407055,0.02982056,0.1007931,-0.1175508,0.9273275,0.90626,126.6552,0.00809586,119
327.6382,0.101851,0.1109279,-0.2301881,-0.0004224777,1,1,126.2067,0.1,117.6387
328.148,0.3221116,0.06436288,-0.01055372,-0.07400835,1,1,131,0.002847552,118.5907
328.6699,-0.1272085,-0.05609679,-0.04430723,-0.1793466,0.19994,0.1200368,0,0,0
329.1764,-0.1754316,0.1036906,-0.5260807,0.003017962,1,1,125,0.6134291,116.2591
329.6886,0.4200234,0.09375989,0.08797014,-0.04658508,1,1,121.9468,0,114.4844
330.2147,-0.07736075,0.09501874,-0.4056059,0.0004822016,1,1,122.0851,0.1,113.6872
330.7383,0.2634821,0.04188597,-0.01963544,-0.09548068,0.728173,0.7075028,127,1.031116,114.9403
331.2426,0.268314,0.09623671,-0.03949815,-0.02986515,1,1,126.1916,0.1,111.4043
331.7662,0.293859,0.1002885,-0.03399408,-0.01187181,1,1,126.544,0,110.8284
332.2833,0.08730984,0.01857221,-0.2135576,-0.09250605,1,1,127,1.191334,111.4629
332.8061,-0.1011351,0.09370583,-0.4168155,0.00214076,1,1,131,0.5927045,110.352
333.322,-0.1592873,-0.1274391,0,0,0.003115636,0.2185934,0,0,0
333.8268,-0.02799952,-0.0402087,-0.4021404,-0.1381471,0.6999168,0.6961074,125.881,0,110.7936
334.3476,0.1314501,0.01565015,-0.2372267,-0.09803998,1,1,126.0641,0.1,110.6513
334.8507,-0.00156951,-0.09509122,-0.3937969,-0.1781069,0.9433943,0.7987235,125.7107,0,110.6625
335.3757,-0.1050646,-0.1375432,-0.5400079,-0.2252599,0.9773594,0.8819072,126.1625,0.09999999,110.4575
335.8867,0.06521225,-0.1264696,-0.3241739,-0.2041956,1,1,125.9041,0,110.6621
336.4034,-0.07422346,-0.1758549,-0.5002558,-0.2425941,1,1,126.0116,0.2193479,110.509
336.91,0.1531018,-0.1829187,-0.2533006,-0.260427,0.8848674,0.9663925,125.8348,0,110.7258
337.4346,-0.04376543,0.1503192,-0.3876673,0.04911202,1,1,125.5261,0,106.1211
337.9393,0.1081598,0.127221,-0.2210382,0.00883925,1,1,125.2037,1.163661,105
338.4453,0.04098868,0.07268262,-0.3049082,-0.05599332,1,1,125.7589,0,106.5628
338.9632,-0.0627923,0.06309843,-0.390741,-0.06334472,1,1,125.6617,0,106.6621
339.4662,0.008540988,0.01686341,-0.3284048,-0.07382619,1,1,122.6419,0,105.7338
339.9785,0.01203191,0.09649503,-0.2809046,0.02187502,0.8703979,0.8647762,0,0,0
340.489,0.2910656,-0.011868,-0.01772958,-0.1723204,1,1,123,0.3905741,107.6841
340.9992,0.2912718,0.04699427,-0.06390578,-0.08047402,1,1,124.2788,0,106.2028
341.5127,-0.1358981,-0.1071013,-0.03707367,-0.1793021,0,0,0,0,0
342.0345,-0.09545112,0.03320676,-0.4221346,-0.07975161,1,1,122.5671,0,102.3927
342.5406,-0.0253818,0.0536328,-0.3587775,-0.04964507,1,1,121.8792,0,102.9026
343.057,-0.2021396,-0.01745117,-0.585697,-0.1116738,1,1,122.234,0,104.0782
343.5824,0.2498534,-0.2020656,0,0,0,0.1,0,0,0
344.1022,0.04046965,0.07027984,-0.2974336,-0.01331007,1,1,125.1159,0.1,105.8713
344.6035,0.1997025,0.1286619,-0.1225441,0.02206129,1,1,125.1413,0,105.3251
345.12,0.09042799,-0.1388223,-0.3066946,-0.2622058,0.8758221,0.9468936,125.8544,0.09313865,105.1766
345.6296,0.2033887,-0.1452246,-0.1909361,-0.2671039,1,1,125.8198,0,105.1291
346.1325,0.3020865,-0.2995102,-0.1104877,-0.4313846,0.9244298,0.984096,125.8541,0.05728683,105.1758
346.6489,0.01808655,-0.3979019,0,0,0,0.0420907,0,0,0
347.1617,-0.06478,-0.04324305,-0.1192518,-0.1472287,0,0,0,0,0
347.6724,0.07693493,0.09132487,-0.2451684,-0.01677179,1,1,122.3976,0.1,105.83
348.1884,-0.3895442,0.01504254,-0.7156502,-0.03512752,0.8982373,0.761755,121,0.4399105,104.0906
348.7111,-0.1142066,0.1111701,-0.4485916,0.01675463,1,1,121.0546,0.1,102.1086
349.2287,0.162334,0.05845201,-0.1418989,-0.01786685,1,1,118.1659,0,102.8927
349.7482,-0.0896576,0.04641342,-0.405817,-0.001325965,1,1,117.2761,0.1,102.4638
350.2542,0.2942169,0.03781503,0.02759564,-0.04497147,0.7166109,0.4461316,0,0,0
350.7867,-0.003108621,0.03535491,-0.3051905,-0.01608944,1,1,117.7446,0.1,105.9145
351.2935,-0.2249686,0.007316291,-0.5554184,-0.04879165,0.9588588,0.8166651,116.6057,0.9045079,107
351.8044,-0.04611647,0.07122862,-0.3447871,0.004098594,0.9327911,0.945998,114.2577,0.1,106.8235
352.3161,-0.008674622,0.06199831,-0.3322318,-0.007124305,1,1,114.1955,0,109.9835
352.834,0.003826618,0.05014783,-0.293611,-0.007172227,0.9678581,0.8760617,114.1563,1.04978,111
353.3485,-0.1088835,0.1203667,-0.432031,0.05074483,1,1,109.8802,0,110.126
353.8541,0.4183232,0.1386124,0.1247135,0.002889991,0.5749119,0.4516383,0,0,0
354.3551,0.3202047,0.04802072,-0.01864004,-0.06171513,1,1,118.1388,0,110.294
354.8685,-0.3154126,0.008153379,-0.6837003,-0.07146525,0.8011374,0.3915869,110.7386,0,110.476
355.3756,-0.07192308,0.09763736,-0.3896356,0.01413184,1,1,110.3074,0.1,110.0882
355.9007,0.1217116,-0.05661833,-0.04705602,-0.143976,0.3412665,0.1672863,0,0,0
356.4022,-0.1394312,0.0810582,-0.4723555,-0.008385897,1,1,106.553,0.1,113.7674
356.9027,0.4734263,0.04944634,0.1520411,-0.1187235,0.918422,0.9215758,107.6165,1.059995,115
357.425,0.01384771,0.1108864,-0.1957313,0.001965642,1,1,108.5365,1.102828,115
357.9294,-0.320258,0.002462447,-0.3454021,-0.04438615,1,1,107.6594,1.304142,115
358.4418,-0.1110117,0.04280901,-0.4055882,-0.06354582,0.9517823,0.8775094,118.2455,0,115.2971
358.9604,0.009660363,0.06661761,-0.3088194,-0.04343438,1,1,118.2834,0,115.474
359.4633,0.09993422,0.07434654,-0.2107397,-0.0397172,1,1,119,0.6643727,115.4488
359.9702,-0.01057571,0.06768632,-0.3416734,-0.03344405,1,1,118.0045,0.1,118.6264
360.4753,0.03001451,0.03436643,-0.3107272,-0.07071614,0.8282369,0.6838697,118.7964,0,118.4123
360.9759,0.1685513,0.06789458,-0.1483306,-0.0405637,1,1,120.5149,0,118.023
361.4976,0.2258828,0.07022935,-0.0904901,-0.03689563,1,1,121.0702,0.1,118.2707
361.9993,0.1321502,0.05182922,-0.1724994,-0.04964006,1,1,123,1.150602,118.5949
362.5023,-0.003972471,0.07957995,-0.3267139,-0.01935863,1,1,123.1165,0.1,121.8605
363.0259,0.1880614,0.07736051,-0.1244661,-0.04303288,1,1,127.9378,0.1,122.3152
363.526,0.1611266,0.08987892,-0.1498843,-0.02604496,1,1,127.9946,0.1,122.6396
364.0438,0.008661985,0.06725037,-0.324445,-0.03804064,1,1,130.5676,0,126.7825
364.5667,0.1920511,0.08063233,-0.1000078,-0.02269673,1,1,131,0.6896909,124.5016
365.0796,0.1317818,0.004686594,-0.177587,-0.1050155,1,1,134.1899,0.1,126.552
365.5812,-0.01200086,0.0987941,-0.3390582,-0.007442594,1,1,130.7909,0.1,129.9083
366.103,0.07987416,0.0378179,-0.2174956,-0.08994615,1,1,133.6977,0,130.9538
366.6054,-0.05839676,0.08853638,-0.36307,-0.02840614,1,1,131.0049,0,133.113
367.1193,0.0627923,0.04319686,-0.2328662,-0.08068097,1,1,134.0383,0.1,134.8482
367.6398,-0.1006148,0.08217943,-0.4262226,-0.01957762,1,1,135,0.2654498,138.743
368.1502,0.1111456,0.2233374,-0.1644769,0.1731243,0.4359307,0.203869,0,0,0
368.664,0.1326659,0.2603588,-0.163178,0.1514437,1,1,143.0382,23.21559,148.5
369.1647,0.05475903,-0.01907718,-0.1107693,-0.1792307,0,0.04802773,0,0,0
369.672,0.1322079,-0.01556778,-0.1662186,-0.137454,0.9306518,0.9964012,134.8497,3.91249,139
370.1987,0.07634461,0.01685041,-0.2668589,-0.08558691,0.9648053,0.8919151,134.0328,0,138.2112
370.7203,0.05457866,0.01021028,-0.2677574,-0.106028,0.9520976,0.8702788,133.7746,0,138.0218
371.226,0.04420996,0.037202,-0.1153275,-0.1563911,0,0,0,0,0
371.7359,0.08743823,0.1160564,-0.2130969,-0.003342867,1,1,134.999,3.520466,139
372.258,0.1054597,0.1312215,-0.1891338,0.01791352,1,1,134.938,3.467514,139
372.7773,0.04676807,0.1611434,-0.2434642,0.05241913,1,1,134.6159,3.712014,139
373.2944,-0.03662902,0.1342998,-0.3354109,0.02972215,1,1,134.004,3.594584,139
373.8172,-0.4695386,0.02858949,-0.2381937,0.0400821,0.6352952,0.2807787,0,0,0
374.3257,0.04209244,0.0835399,-0.2721283,-0.02281523,1,1,129.1268,0.1,134.2707
374.8268,-0.003552616,0.03343534,-0.3285214,-0.07061338,1,1,130.3013,0,133.8871
375.3492,-0.2232589,0.08560205,-0.5217144,-0.006263852,0.9621977,0.8476381,129,1.145974,133.2167
375.8498,-0.1488596,0.073771,-0.4844835,-0.02862453,1,1,129.3473,0.1,129.9608
376.3757,-0.140483,0.08424103,-0.4661168,-0.008950353,1,1,129.0328,0.1,128.6961
376.8864,0.2803433,0.08798891,0.01087356,0.001628518,1,1,129,2.144952,127.7814
377.3972,0.03245199,-0.01934648,-0.272458,-0.1114715,1,1,131.3106,11.79706,148.5
377.9204,-0.3303651,0.05069876,-0.7205189,-0.03806102,0.8154427,0.3404061,123.8725,0,126.3799
378.4431,0.02162111,0.07029271,-0.283883,-0.03948414,0.986114,0.9398691,124.6901,0.2687178,127
378.956,0.1047004,0.07437116,-0.2102806,-0.04336619,1,1,125.7559,0,132.1605
379.4814,-0.02888197,0.08114886,-0.3584805,-0.0197109,1,1,123.7504,0.3541887,127
380.0043,0.03917551,0.07143313,-0.259147,-0.05202794,1,1,121.4951,0.03180504,131
380.5222,0.1684018,0.07390833,-0.1446596,-0.04215395,1,1,125.4917,0.1,127.0508
381.0459,-0.1772488,0.07810748,-0.5163722,-0.0241847,1,1,125.5456,0,131.0438
381.5642,0.003248096,0.08136904,-0.3119533,-0.01138103,1,1,125.8349,0.1,132.0071
382.084,0.05667984,0.1110551,-0.2610763,0.01095444,1,1,121,0.130397,134.2618
382.6095,-0.03486925,0.1952164,-0.3494986,0.1194927,1,1,121.4686,2.948208,135
383.1354,-0.07481962,0.1343346,-0.3696461,0.04794633,0.9100941,0.8591537,121.2332,3.541609,135
383.6358,-0.04312575,0.1861542,-0.3331934,0.1025572,1,1,121.2281,3.548898,135
384.144,0.06071508,-0.05634201,-0.09794664,-0.1640478,0,0,0,0,0
384.6457,0.05621862,-0.151026,0.1635498,-0.2923818,0.1,0.1,0,0,0
385.1478,-0.002000451,0.1967918,-0.2503564,0.1070794,0.8129286,0.9489685,122.4984,2.233863,135
385.6609,0.009235501,0.2109099,-0.2784547,0.1181238,1,1,121.93,2.320987,135
386.1657,-0.3352366,-0.009770393,-0.6493115,-0.06084394,0.5780184,0.3547664,125,1.2886,132.8629
386.6838,-0.1835785,0.03845811,-0.5044777,-0.06171417,1,1,125.8462,0,129.4239
387.1881,0.01196718,0.09297585,-0.2959667,-0.01069796,1,1,125.5416,0.1,127.3184
387.6961,-0.1136494,0.09305227,-0.3934248,-0.01486063,0.9798906,0.7807552,126.0832,1.091534,125
388.2144,0.02929425,-0.07390094,-0.160811,-0.07842493,0.1936723,0.3166363,0,0,0
388.7177,0.1933998,0.0056054,-0.1154614,-0.1213398,1,1,122.3221,0,126.5844
389.2227,-0.005558789,0.03771001,-0.316207,-0.06404305,0.9693825,0.9201436,121,0.9809495,125.208
389.7276,0.3980218,-0.006977797,0.07123017,-0.1719385,0.9585921,0.9349979,121,0.6564658,126.2716
390.2378,0.1242484,0.1234171,-0.1838453,0.006909847,1,1,121.4063,0,129.4369
390.7521,0.09255481,0.1362799,-0.2190385,0.02977717,1,1,121,0.7341263,129.1967
391.2567,0.3062743,0.0466916,0.009277225,-0.1042212,0.8501942,0.7713984,122.936,0,129.197
391.7591,0.1753474,0.1175959,-0.1427269,0.008796096,1,1,128.5504,0.1,126.1693
392.2655,0.1897099,0.1128526,-0.07717532,-0.00374341,0.5690036,0.5831143,131,0.5655367,124.8388
392.7706,0.273955,0.1557568,-0.04125094,0.04318357,1,1,131.2903,0.1,125.7501
393.2837,0.4691614,0.02583998,0.143443,-0.1399658,0.8741671,0.7676467,130.4952,0,122.7888
393.7921,0.1091694,0.07280469,-0.1908584,-0.0480988,1,1,129.6009,0.7953466,121
394.3073,0.283842,0.1194429,-0.03378797,-0.01279593,1,1,124.283,0.1,121.9821
394.8131,0.1622983,0.08500916,-0.1514111,-0.02720022,1,1,124.458,0.1,121.3979
395.3161,-0.2870857,0.03265548,-0.6216378,-0.04615867,0.8835655,0.6537075,122.4043,0,117.9479
395.8298,0.1975647,0.04452097,-0.1158957,-0.08157301,1,1,121.8196,0.1,118.5134
396.3456,-0.5156506,-0.07443476,-0.07506442,-0.1822176,0.4570723,0.05450079,0,0,0
396.8592,-0.2238994,0.07510722,-0.5338196,-0.002561331,0.9668159,0.9655506,117.5518,0,118.7623
397.3691,-2.866983E-05,0.07798952,-0.3217103,-0.02988017,1,1,116.6631,0.1,118.0845
397.8723,0.2539934,0.07235384,-0.05956811,-0.0512476,1,1,118.2514,0,122.5818
398.3788,-0.09832948,0.1073764,-0.4374546,-0.0008561611,1,1,114.0295,0.1,119.403
398.8815,0.1402812,0.08258682,-0.1743892,-0.02828741,1,1,113.8014,0,124.0876
399.4019,0.06208849,0.07739758,-0.2384662,-0.02752924,1,1,114.8238,0.1,127.2372
399.9051,-0.02976656,0.2784233,-0.3755437,0.1821286,1,1,115.0651,2.411216,135
400.4057,0.3914609,0.04805785,0.1469933,-0.08234084,0.4212379,0.2817347,0,0,0
400.9105,-0.1940637,0.0938164,-0.5407204,-0.004252911,0.9025804,0.6518864,114.909,0.1,129.3635
401.4212,0.5017235,0.02503014,0.1726369,-0.1287117,0.7173792,0.5397163,0,0,0
401.946,-0.1173983,0.09782594,-0.443446,0.004894733,0.9511486,0.8782262,114.6109,0.1,134.0363
402.4667,0.1632037,0.09009433,-0.1493402,-0.03713298,1,1,117.9732,0,134.4704
402.9727,-0.2206571,0.07451367,-0.5865355,-0.01470709,0.8906554,0.6904085,111.1409,0.3915302,135
403.4957,-0.08950394,0.1073448,-0.4053618,0.02712876,1,1,109.0599,0.1,134.4829
404.0075,0.4254106,0.07804102,0.1030579,-0.05140781,1,1,109,0.8390706,135.8132
404.5261,0.006435633,0.06436449,-0.3151358,-0.03711057,1,1,110.1453,0.1,137.74
405.0509,0.2219834,0.06986427,-0.09015548,-0.06578207,1,1,115,0.08917606,138.281
405.5542,-0.2980352,0.03852129,-0.6516781,-0.04723251,0.9226368,0.7543775,115,0.6272926,140.1853
406.0656,-0.1436405,0.05765045,-0.4930611,-0.03516948,1,1,112.9975,0,141.9222
406.5843,-0.3198317,0.05682391,-0.6906748,-0.01454639,0.9564511,0.8110314,109.3211,0,143.0666
407.0857,-0.1034825,0.08276802,-0.4277378,0.017223,1,1,108.5647,0,142.2923
407.6078,-0.003581822,0.03973466,-0.339503,-0.04243314,1,1,110.0171,0.1,146.4931
408.1143,0.3499153,0.05666077,0.008818984,-0.07851648,1,1,115.5634,0,146.9416
408.6145,-0.06437665,0.0582335,-0.2882739,-0.04447627,1,1,123.8321,0.1,145.9941
409.137,-0.2410343,0.02609903,-0.283303,-0.04747343,1,1,123.1179,0.8760636,147
409.6551,-0.009444952,0.02492654,-0.3008409,-0.07199299,1,1,131,0.7089865,145.8309
410.1597,-0.05319715,0.2743347,-0.3240076,0.2086477,0.5722607,0.2531003,0,0,0
410.6678,-0.02747011,0.1623473,-0.3581535,0.04102814,1,1,129.4259,3.828757,147
411.1736,-0.02336013,0.09171242,-0.3054227,-0.01698744,1,1,129.7424,6.566498,148.5
411.6922,0.2956799,-0.006761789,-0.02571684,-0.0853982,1,1,130.6398,3.795396,147
412.2,0.09678447,0.08811206,-0.1953995,-0.03395152,1,1,130.7402,3.814244,147
412.7231,0.1294372,0.0946517,-0.1557198,-0.01900315,1,1,131,3.676761,146.7117
413.2257,-0.4221087,0.04552919,-0.2882013,0.02106154,0.4179522,0.3604415,0,0,0
413.7299,-0.005312324,0.1107671,-0.3150951,0.03179812,1,1,118.5867,0.1,145.9232
414.2461,0.001554012,0.0999434,-0.3036006,0.003525078,1,1,117.838,0.1,146.0289
414.7603,0.02187347,0.07317597,-0.2948478,-0.0283612,0.9692333,0.8723199,111.8731,0.1,146.0998
415.274,-0.2228688,-0.02048314,0.1168543,-0.1291603,0.2994018,0.1,0,0,0
415.7769,-0.08807135,0.1120102,-0.4139819,0.01083267,0.9222495,0.8096355,109.6924,0.1,142.5725
416.301,-0.007607281,-0.07429051,0,0,0,0,0,0,0
416.8218,-0.1210474,-0.1058785,-0.0338003,-0.2476323,0,0,0,0,0
417.3322,-0.006768167,0.1630377,-0.3133505,0.04632735,0.7567142,0.7008975,114.9936,0,141.9624
417.836,0.2608165,0.1093538,-0.00172925,-0.04109573,0.8079293,0.8047938,115,1.04026,140.8581
418.3498,0.2254148,0.08847976,-0.09035772,-0.02735448,1,1,114.6846,0.1,137.6376
418.8676,-0.06499761,-0.1321324,0,0,0.1,0.1,0,0,0
419.3724,0.3479583,0.1286743,0.01481533,-0.01525724,0.936178,0.9947153,113.6401,1.328371,137
419.8821,0.1121031,0.07426149,-0.1902044,-0.02482307,0.9669991,0.9126024,110.3307,0,137.2201
420.3973,0.1516746,0.08202857,-0.1669841,-0.03024065,1,1,109,0.4804235,138.0424
420.9175,-0.1386089,0.0875293,-0.468449,-0.01700366,0.970654,0.8865129,110.107,0,134.8382
421.4401,-0.2613481,0.02467209,-0.6337266,-0.05491817,0.9509543,0.7969199,110.4634,0,134.3521
421.9474,0.1952786,-0.0414263,0.03228724,-0.1661825,0.1118451,0,0,0,0
422.4628,0.2187687,0.07228684,-0.06986177,-0.08209169,0.9371205,0.9230189,111,1.276886,135.0844
422.9647,-0.005719006,0.06735992,-0.3302902,-0.02691972,1,1,115.9016,0.1,134.1709
423.4714,-0.08054888,0.04670817,-0.3867787,-0.04753971,1,1,119,1.087782,134.1302
423.986,-0.03868514,0.0653255,-0.3645298,-0.05654621,1,1,118.3301,0.1,137.4227
424.5074,0.1226072,0.04678649,-0.2015132,-0.06661332,1,1,122.0332,0,138.4666
425.0204,0.1071781,0.09211791,-0.1963517,-0.02104986,1,1,126.0233,0.1,138.1864
425.5424,0.1536536,0.09649694,-0.1473481,-0.01443815,1,1,131,1.000494,138.6087
426.068,0.1131794,0.06985873,-0.2053781,-0.03680634,1,1,130.968,0.1,141.6434
426.5693,0.2236489,0.06565553,-0.09802473,-0.06070971,1,1,135,0.5210218,141.9093
427.0884,-0.02279878,0.01954198,-0.3335602,-0.09395444,1,1,134.4616,0,143.3765
427.5953,-0.04889709,0.06269079,-0.3918709,-0.03709149,1,1,133.8358,0,147.6764
428.0991,0.01078594,0.01232427,-0.3172322,-0.09984601,1,1,133.9514,0.1,147.7044
428.6007,0.02273476,0.04466498,-0.2819238,-0.0704143,0.9003621,0.8200135,133.7322,2.283758,148.5
429.1206,-0.04149657,-0.120382,-0.4460985,-0.2480727,0.7376656,0.5798978,134.1266,0,147.8349
429.6296,0.115719,0.09134138,-0.2264224,-0.02690244,0.7385146,0.5993434,133.988,0,147.8485
430.1363,0.09480274,0.0893212,-0.2425189,-0.02664518,1,1,134.0688,0,147.8787
430.656,-0.1137087,-0.2159081,-0.1472299,-0.4709281,0,0.0751444,0,0,0
431.1744,-0.004505098,-0.1264337,-0.3996499,-0.2493061,0.6662745,0.6284023,134.0309,0.08927584,148.0003
431.6793,0.01802707,-0.03473949,-0.3537766,-0.1242285,0.9806429,0.8142312,134.0193,0,147.96
432.1892,0.001082778,0.01932365,-0.3854958,-0.05278826,1,1,134.0337,0.06225687,147.9652
432.7072,0.03623044,-0.002923131,-0.3481569,-0.07762563,1,1,134.0282,0,147.9602
433.2075,0.01270962,0.03457808,-0.3802689,-0.04126513,1,1,134.0227,0,147.9753
433.7279,-0.01282382,-0.04487491,-0.08530897,-0.258669,0,0,0,0,0
434.2364,0.08670032,-0.03936172,-0.2505316,-0.1125231,1,1,134.0815,1.749583,147.8674
434.7433,0.05465508,0.1274923,-0.2561554,0.04477358,1,1,133.8581,3.107811,148.5
435.2624,-0.01817,0.0770272,-0.3170604,0.01001734,1,1,134.0795,2.850988,148.5
435.779,-0.07378465,0.1052172,-0.3821399,0.03344476,1,1,133.8037,2.629227,148.5
436.303,-0.001005232,-0.09133112,-0.3937809,-0.187722,0.6475584,0.4090123,133.3428,0,148.437
436.8142,-0.00419426,-0.08161175,-0.3791894,-0.1904228,0.8142231,0.7221578,133.3683,0,148.4067
437.3351,0.05875826,-0.07815325,-0.2936779,-0.1815813,0.7219951,0.5191777,133.9123,0,148.4385
437.8481,0.0417093,-0.09743476,-0.3211108,-0.1993626,0.8282092,0.6996547,133.9501,0,148.4968
438.3734,0.2609214,-0.2648026,-0.2660454,-0.8105792,0,0.1104422,0,0,0
438.8757,-0.002337813,-0.02456641,-0.3437755,-0.1109167,0.7623743,0.5111551,133.7227,0,148.3669
439.3895,0.08723712,-0.0688318,-0.3363768,-0.1908149,0.806544,0.6451421,134.1195,1.052774,147.7761
439.9039,-0.007888019,0.2876337,-0.2946289,0.05076808,0.5476577,0.5935805,134.0896,0.1105709,148.5
440.4131,0,0,0,0,1,1,0,0,0
440.9166,0,0,0,0,1,1,0,0,0
441.4376,0,0,0,0,1,1,0,0,0
441.9585,0,0,0,0,1,1,0,0,0
442.4603,0,0,0,0,1,1,0,0,0
442.9662,0,0,0,0,1,1,0,0,0
443.4886,0,0,0,0,1,1,0,0,0
443.9954,0,0,0,0,1,1,0,0,0
444.5142,0,0,0,0,1,1,0,0,0
445.0169,0,0,0,0,1,1,0,0,0
445.532,0,0,0,0,1,1,0,0,0
446.0507,0,0,0,0,1,1,0,0,0
446.7604,0,0,0,0,1,1,0,0,0
447.2765,0,0,0,0,1,1,0,0,0
447.7785,0,0,0,0,1,1,0,0,0
448.2867,0,0,0,0,1,1,0,0,0
448.8074,0,0,0,0,1,1,