éûä‘,HMDxç¿ïW,HMDyç¿ïW,HMDzç¿ïW
0,0,0,0
0.02,0,0,0
0.3533334,-0.05496868,1.370131,0.6062626
0.4449677,-0.05329773,1.371043,0.6043011
0.4709024,-0.05334198,1.371087,0.603741
0.4919229,-0.05334514,1.371086,0.6035949
0.507637,-0.05335161,1.371113,0.6034967
0.5197949,-0.05338061,1.371179,0.603439
0.5331514,-0.053406,1.37126,0.6033179
0.5447792,-0.053395,1.371283,0.6032673
0.5588616,-0.05341786,1.37132,0.6031035
0.5717701,-0.05339241,1.371295,0.6030678
0.5890353,-0.05339453,1.371294,0.6030272
0.6016909,-0.05339926,1.371311,0.6029505
0.8042855,-0.05301934,1.37144,0.6022686
0.9532303,-0.05358064,1.371236,0.6022092
0.9731048,-0.05372253,1.37115,0.6022276
0.9862316,-0.05380601,1.371111,0.6022006
0.9980391,-0.05387285,1.371046,0.6022006
1.008284,-0.05392045,1.370974,0.6022249
1.01774,-0.05398971,1.370915,0.6022288
1.027899,-0.05408809,1.370906,0.602182
1.037745,-0.05419591,1.370852,0.6021532
1.046894,-0.05427444,1.370858,0.6022002
1.056633,-0.05429104,1.370856,0.6022235
1.067739,-0.0543226,1.37082,0.6022009
1.0788,-0.05438855,1.370813,0.6022164
1.089949,-0.05447268,1.370843,0.6022419
1.100135,-0.05448952,1.370853,0.6022457
1.111636,-0.05452457,1.370881,0.6021897
1.123561,-0.05455065,1.370872,0.6021637
1.134563,-0.05451167,1.370856,0.602177
1.145788,-0.05452845,1.370885,0.6021484
1.156788,-0.0545513,1.370901,0.6021489
1.168573,-0.05455697,1.37092,0.6021503
1.177911,-0.05457842,1.370905,0.6021565
1.189511,-0.05456781,1.3709,0.6021088
1.201137,-0.05458304,1.370867,0.6020755
1.210664,-0.05457944,1.370849,0.6020683
1.223136,-0.0545952,1.370848,0.6021236
1.233734,-0.05459738,1.370815,0.6021286
1.244662,-0.05460072,1.370782,0.6020755
1.256359,-0.05460498,1.370772,0.60208
1.267,-0.05460808,1.37076,0.6021208
1.278257,-0.05461869,1.370755,0.6021353
1.291796,-0.05461618,1.370736,0.6022178
1.302032,-0.05462661,1.3707,0.6022066
1.311841,-0.05462614,1.370724,0.6021272
1.322712,-0.05460763,1.370718,0.6020926
1.333895,-0.05455676,1.370693,0.6020986
1.344566,-0.05454004,1.3707,0.6021515
1.355988,-0.0545516,1.370713,0.602168
1.367267,-0.05452049,1.37072,0.6021084
1.37807,-0.0545243,1.370702,0.6020995
1.388869,-0.05450472,1.370734,0.6020583
1.399851,-0.0544849,1.370684,0.6021732
1.410982,-0.05449119,1.370723,0.6022359
1.422641,-0.05449694,1.370768,0.6022357
1.433158,-0.05448788,1.37078,0.6022891
1.444398,-0.05451798,1.370738,0.6023422
1.457143,-0.05449393,1.370703,0.6024204
1.466401,-0.05450869,1.370657,0.6025265
1.479394,-0.05456743,1.370592,0.6025575
1.490972,-0.05460811,1.370545,0.6025997
1.503303,-0.05464458,1.370495,0.6027087
1.514823,-0.05469304,1.37044,0.6027788
1.530741,-0.05474088,1.370409,0.6027993
1.540518,-0.05483866,1.370411,0.6028687
1.548757,-0.05488265,1.370387,0.6030365
1.557841,-0.05490473,1.370408,0.6031379
1.568437,-0.05494073,1.37037,0.6032785
1.578781,-0.0549536,1.370349,0.6033958
1.590636,-0.05499732,1.370368,0.6033913
1.601541,-0.05500448,1.370337,0.6035129
1.611519,-0.05504736,1.370307,0.6036326
1.622625,-0.05508208,1.370289,0.6037375
1.635448,-0.05511042,1.370286,0.603844
1.644601,-0.05514061,1.37027,0.6039473
1.656657,-0.05519578,1.370259,0.6040646
1.668056,-0.05524817,1.370232,0.6041669
1.679334,-0.05531782,1.370205,0.6042498
1.690431,-0.05536622,1.370192,0.6043264
1.701307,-0.05540311,1.370165,0.6044704
1.712523,-0.05539623,1.370162,0.6045927
1.72481,-0.05542532,1.370148,0.6046873
1.735683,-0.05541757,1.370136,0.6048073
1.746291,-0.05543265,1.37009,0.6049217
1.758063,-0.05543265,1.370068,0.6050249
1.768941,-0.05546746,1.370047,0.6051813
1.779728,-0.0554713,1.370054,0.6053063
1.790473,-0.05547008,1.370114,0.6054052
1.801262,-0.05548769,1.37014,0.6055366
1.812631,-0.05544889,1.370161,0.6056548
1.824849,-0.05542499,1.370162,0.6057817
1.834303,-0.05542615,1.370162,0.6058561
1.845924,-0.05539206,1.370153,0.6059893
1.856522,-0.055361,1.370179,0.606094
1.867152,-0.05531138,1.370246,0.6061143
1.879133,-0.05526888,1.370253,0.6061913
1.890585,-0.05520299,1.370213,0.6062657
1.901359,-0.05517146,1.370255,0.6063217
1.912551,-0.05511248,1.370259,0.6063896
1.924645,-0.05506191,1.370238,0.6065005
1.935337,-0.05495304,1.370202,0.6065608
1.947098,-0.0549067,1.370187,0.606618
1.957724,-0.05482098,1.370203,0.6067334
1.969494,-0.05477792,1.370185,0.6067904
1.980111,-0.05474734,1.370171,0.6068913
1.992363,-0.05475864,1.370144,0.6069175
2.003901,-0.0547277,1.370161,0.6069564
2.014733,-0.05471763,1.37017,0.6069628
2.026614,-0.0546715,1.370141,0.606939
2.03789,-0.05460656,1.370109,0.6069463
2.04836,-0.05459091,1.370122,0.6069974
2.060426,-0.05453965,1.370124,0.6070257
2.072858,-0.05445924,1.370118,0.6071128
2.082605,-0.05443269,1.370173,0.6070119
2.093773,-0.05437064,1.37021,0.6070002
2.105675,-0.05434397,1.370231,0.6070317
2.115697,-0.05428427,1.370277,0.607006
2.12875,-0.05425039,1.370292,0.607
2.13953,-0.05420756,1.370351,0.6069616
2.14948,-0.0541487,1.370418,0.6069123
2.161136,-0.05412072,1.370391,0.6068586
2.172777,-0.05409592,1.370415,0.6068307
2.182986,-0.0540837,1.370427,0.6067778
2.194232,-0.05407712,1.370472,0.6067628
2.205211,-0.05408892,1.370511,0.6067177
2.216616,-0.05407816,1.370561,0.6066972
2.228208,-0.05410078,1.370645,0.6066622
2.239775,-0.0540759,1.370677,0.6066247
2.249542,-0.05407938,1.370711,0.6066366
2.26075,-0.05409712,1.370694,0.6065787
2.272267,-0.05412591,1.370715,0.606531
2.283128,-0.05413881,1.370721,0.6064776
2.294026,-0.05413949,1.370728,0.6064247
2.305432,-0.05417281,1.370751,0.606388
2.315599,-0.05422235,1.370791,0.6063408
2.326847,-0.05429736,1.370807,0.6063563
2.339158,-0.05438799,1.370804,0.6062604
2.349135,-0.05445221,1.370823,0.6062471
2.359962,-0.05453387,1.370835,0.606259
2.372561,-0.05463681,1.370836,0.6061984
2.38277,-0.05471492,1.370837,0.6061755
2.393554,-0.05482298,1.370822,0.60614
2.406274,-0.05489177,1.37083,0.6061503
2.415933,-0.05496132,1.370843,0.6061102
2.427693,-0.05500475,1.370864,0.6060625
2.439004,-0.05504575,1.370866,0.6060418
2.449623,-0.05508417,1.370911,0.6060141
2.460318,-0.05511981,1.370913,0.606047
2.472618,-0.05518761,1.370932,0.6060361
2.482466,-0.05520561,1.370957,0.606022
2.494279,-0.05521464,1.370956,0.6060022
2.505572,-0.05523777,1.370968,0.6060616
2.516048,-0.05524033,1.370937,0.6060401
2.528177,-0.05525017,1.370946,0.6060146
2.538543,-0.05529577,1.370945,0.6060077
2.549436,-0.05531809,1.370934,0.6060003
2.560731,-0.05531913,1.370904,0.6060103
2.572008,-0.05531913,1.370875,0.6060129
2.582094,-0.05530059,1.370834,0.6059538
2.594262,-0.05527273,1.370792,0.6059443
2.606052,-0.05522874,1.370752,0.6058909
2.615669,-0.0551385,1.370711,0.6058532
2.627389,-0.05510768,1.3707,0.6058143
2.638472,-0.05504718,1.370707,0.6057938
2.649221,-0.05498993,1.370683,0.6057457
2.660525,-0.05490905,1.37067,0.6057364
2.672447,-0.05482161,1.370676,0.6056925
2.682489,-0.05473587,1.37072,0.6056169
2.694164,-0.05466619,1.370734,0.6055628
2.707086,-0.05459949,1.370749,0.6055096
2.722298,-0.05456439,1.370779,0.6054317
2.734457,-0.05452892,1.370839,0.6053721
2.745335,-0.05446115,1.370878,0.6052927
2.757063,-0.05437738,1.37089,0.6051847
2.768358,-0.05423072,1.370942,0.6051255
2.778047,-0.0541217,1.370983,0.6050948
2.789877,-0.05403194,1.371049,0.6050521
2.800314,-0.05396384,1.371084,0.6050125
2.811348,-0.05388868,1.371152,0.6049913
2.823665,-0.05381906,1.371209,0.6049076
2.835653,-0.05380791,1.37128,0.6048585
2.84692,-0.05374995,1.371347,0.6047751
2.859568,-0.0537397,1.371362,0.6046847
2.880439,-0.05369571,1.371382,0.6046439
2.892335,-0.05351403,1.371409,0.6045645
2.903836,-0.05344981,1.371451,0.6045519
2.914554,-0.05339473,1.37146,0.6045331
2.925756,-0.05333936,1.371489,0.6045364
2.937501,-0.05335888,1.371524,0.6045364
2.948627,-0.05331615,1.371501,0.6045455
2.95955,-0.05333123,1.371484,0.604489
2.970654,-0.05331501,1.371492,0.6045042
2.980451,-0.05330583,1.371491,0.6044856
2.990747,-0.05323008,1.371483,0.6044286
3.001831,-0.0531942,1.371464,0.6044117
3.01124,-0.05315381,1.371477,0.6043884
3.023924,-0.05317238,1.371484,0.6043092
3.035176,-0.05318937,1.371469,0.6042844
3.045387,-0.05320591,1.371471,0.6042312
3.057774,-0.05325007,1.371457,0.6041874
3.070482,-0.05328962,1.371444,0.6040889
3.080454,-0.05330816,1.371436,0.6040522
3.091539,-0.05329537,1.371335,0.6040589
3.10369,-0.05333492,1.371301,0.6040381
3.113844,-0.05335936,1.371307,0.6040646
3.124689,-0.05340159,1.371256,0.604055
3.140942,-0.05344668,1.371249,0.6040372
3.151533,-0.05348977,1.371225,0.6040169
3.161869,-0.0535081,1.371162,0.6039406
3.172663,-0.05350131,1.37122,0.6038998
3.183006,-0.05353943,1.371197,0.603861
3.194828,-0.05351996,1.371192,0.6038374
3.205538,-0.05353916,1.371192,0.6037487
3.215454,-0.05351403,1.371171,0.6037196
3.226387,-0.05352315,1.371154,0.603644
3.237112,-0.05356508,1.371151,0.603603
3.246306,-0.05359218,1.371138,0.6035277
3.25661,-0.0536167,1.371129,0.6034611
3.268907,-0.05361587,1.371086,0.6034166
3.279973,-0.05363944,1.371079,0.6033584
3.292202,-0.05361855,1.371019,0.6033412
3.302343,-0.05362046,1.371009,0.6033159
3.312758,-0.05361041,1.370992,0.6032499
3.324478,-0.05359188,1.370969,0.6032053
3.337439,-0.05356222,1.370964,0.6031326
3.349012,-0.05355653,1.370942,0.6030792
3.359485,-0.05357391,1.370938,0.6030055
3.370499,-0.05359179,1.370981,0.602887
3.380359,-0.05362153,1.371016,0.6028212
3.389929,-0.05361724,1.371035,0.6027335
3.399236,-0.05360216,1.37107,0.6026036
3.410968,-0.05362129,1.371039,0.6024929
3.421298,-0.05362585,1.371051,0.6023849
3.433063,-0.05367973,1.371057,0.6022719
3.444241,-0.05367693,1.370998,0.6022311
3.455292,-0.05371389,1.371024,0.6021506
3.465716,-0.05371729,1.371075,0.6020256
3.476964,-0.05372503,1.371087,0.6019608
3.488882,-0.05371949,1.371073,0.6019212
3.498397,-0.05371425,1.371033,0.6017851
3.511979,-0.05378219,1.371029,0.6016799
3.523305,-0.0537875,1.371014,0.6016108
3.533327,-0.053817,1.371019,0.6015173
3.544595,-0.0538187,1.371027,0.6014084
3.556787,-0.0538677,1.37106,0.6013449
3.567687,-0.05389774,1.371009,0.6012985
3.577926,-0.0539065,1.37097,0.6012326
3.590743,-0.05389369,1.371031,0.6011947
3.601001,-0.05391112,1.370999,0.60118
3.612438,-0.05387822,1.371013,0.6011668
3.624839,-0.05387127,1.371037,0.6010777
3.636557,-0.05383661,1.371017,0.6010443
3.647416,-0.05378598,1.371003,0.6010312
3.65977,-0.05377188,1.370984,0.6010131
3.671491,-0.05376187,1.37092,0.6009654
3.68369,-0.05370903,1.370898,0.600849
3.695609,-0.05366567,1.370879,0.6007999
3.70647,-0.05363727,1.370874,0.6008643
3.716473,-0.05363217,1.37087,0.6008183
3.726906,-0.05360219,1.370895,0.6007868
3.737905,-0.05361798,1.370888,0.6007029
3.747155,-0.0535709,1.370901,0.6006461
3.758567,-0.05354613,1.370916,0.6006211
3.769553,-0.05350599,1.370955,0.6006175
3.780098,-0.05346486,1.370944,0.6005167
3.792593,-0.05345306,1.370915,0.6004571
3.802771,-0.05340719,1.37092,0.6004122
3.814002,-0.05334273,1.370922,0.600403
3.825684,-0.05330625,1.370951,0.6003853
3.836868,-0.0532364,1.371011,0.6004118
3.847847,-0.05325192,1.371001,0.6003398
3.858891,-0.05320379,1.371019,0.6003462
3.869951,-0.05318412,1.371057,0.6003238
3.879717,-0.05313852,1.371081,0.6003433
3.891636,-0.05306557,1.371139,0.6002876
3.904158,-0.05301076,1.371143,0.6002609
3.915819,-0.05291158,1.371125,0.6002322
3.926522,-0.05285373,1.37118,0.6002239
3.937486,-0.05276215,1.371176,0.6002096
3.94818,-0.05269754,1.371124,0.6002163
3.959189,-0.05262777,1.371126,0.6001939
3.971212,-0.05257529,1.371136,0.600175
3.98029,-0.05252123,1.371168,0.6001452
3.991115,-0.05246115,1.371201,0.6000851
4.003084,-0.05238196,1.371238,0.6000568
4.012981,-0.05236107,1.371233,0.5999531
4.024923,-0.05227613,1.371202,0.5999089
4.036981,-0.05222049,1.371239,0.5998622
4.048157,-0.05212045,1.37127,0.5998379
4.057621,-0.0520581,1.371286,0.599846
4.069561,-0.0520128,1.371245,0.59982
4.079768,-0.05192217,1.37122,0.599785
4.091489,-0.05188179,1.371192,0.5998119
4.102923,-0.0518398,1.371179,0.5997704
4.114785,-0.05182436,1.371185,0.5997072
4.125535,-0.05174813,1.371154,0.5997392
4.137052,-0.05173171,1.371145,0.5997008
4.147308,-0.05168083,1.371177,0.5996946
4.159667,-0.05165449,1.371166,0.599697
4.170691,-0.05166823,1.371152,0.5996674
4.182254,-0.0516631,1.37115,0.5996722
4.194088,-0.05166793,1.371151,0.5996748
4.206419,-0.05166307,1.371127,0.5996736
4.218343,-0.05166271,1.371128,0.59965
4.230094,-0.05168608,1.371099,0.599672
4.242748,-0.05169249,1.371101,0.5997053
4.25368,-0.05165759,1.371119,0.5996166
4.263119,-0.0516209,1.371099,0.5995971
4.272892,-0.0515821,1.371117,0.5996066
4.296695,-0.05155313,1.371087,0.5996031
4.312196,-0.05155092,1.371054,0.5995711
4.323121,-0.05153951,1.370995,0.5996069
4.332355,-0.05157769,1.371009,0.5994917
4.343499,-0.05155104,1.371034,0.5995425
4.356034,-0.05155846,1.37105,0.5995303
4.365391,-0.05156246,1.371011,0.5994974
4.377717,-0.05156195,1.370962,0.5994791
4.388317,-0.05155605,1.370988,0.5993639
4.400001,-0.05155492,1.370955,0.5993108
4.410775,-0.05152825,1.370886,0.5992459
4.421929,-0.05154389,1.370852,0.5992056
4.434285,-0.05157834,1.370836,0.5991298
4.444762,-0.05160695,1.370773,0.5991043
4.454755,-0.0516465,1.370742,0.5990564
4.467583,-0.05167249,1.37072,0.5990313
4.477819,-0.05169863,1.370681,0.5989789
4.488859,-0.05174232,1.370662,0.5989035
4.499875,-0.05176923,1.370606,0.5988799
4.510594,-0.05175826,1.370522,0.5988551
4.522043,-0.05178061,1.370502,0.5988411
4.533746,-0.05173767,1.370497,0.5987912
4.546653,-0.05178177,1.370514,0.5987264
4.558746,-0.05175394,1.370482,0.59874
4.568559,-0.05172613,1.370482,0.5986599
4.578704,-0.05170619,1.370488,0.5986236
4.589657,-0.05165896,1.370485,0.5986134
4.599685,-0.05162802,1.370498,0.5985554
4.610858,-0.05158058,1.370514,0.5985545
4.623897,-0.05153266,1.370519,0.5985409
4.637487,-0.0514935,1.370495,0.5984818
4.646779,-0.05143139,1.37046,0.5985202
4.657935,-0.05138656,1.370463,0.5984715
4.668774,-0.05138147,1.370557,0.5984133
4.67771,-0.051357,1.370581,0.5983614
4.695518,-0.05135584,1.370561,0.5983576
4.705483,-0.0513081,1.37059,0.5983218
4.714933,-0.05126342,1.370674,0.5982505
4.724182,-0.05121818,1.370705,0.5982493
4.733114,-0.05113104,1.370785,0.5981616
4.744074,-0.05106601,1.370823,0.5981258
4.754718,-0.05100727,1.37085,0.5981053
4.764832,-0.05095655,1.370847,0.5981606
4.776823,-0.05090511,1.37086,0.5981423
4.788055,-0.05082127,1.370914,0.5981482
4.800164,-0.05074635,1.370923,0.5980939
4.811015,-0.05065057,1.370934,0.5980846
4.821614,-0.05058753,1.37094,0.5980743
4.832756,-0.05047953,1.370942,0.59805
4.842491,-0.050392,1.370946,0.5980572
4.855095,-0.05029631,1.370968,0.5980469
4.865509,-0.05019596,1.370997,0.5979654
4.876912,-0.05008805,1.371022,0.5979539
4.887933,-0.04995456,1.371024,0.5979425
4.898932,-0.04986036,1.371071,0.5979275
4.909797,-0.04973787,1.371091,0.5979296
4.921812,-0.04961756,1.371139,0.5978867
4.931914,-0.04949325,1.371156,0.5978845
4.943503,-0.04943004,1.371166,0.5977927
4.954642,-0.04930857,1.371174,0.5977882
4.965862,-0.04919839,1.371234,0.5977341
4.976875,-0.04908353,1.371261,0.597701
4.988293,-0.04895478,1.371298,0.5976239
4.999678,-0.04884064,1.371344,0.5976108
5.009954,-0.04870945,1.371372,0.597659
5.057949,-0.04833031,1.37149,0.5976728
5.071575,-0.04827356,1.371503,0.5977546
5.081939,-0.04821247,1.37152,0.597773
5.092242,-0.04814625,1.371452,0.5978185
5.102061,-0.04807219,1.371386,0.5977894
5.11048,-0.04808486,1.371369,0.5977143
5.122582,-0.04804721,1.371372,0.5977811
5.133523,-0.04804468,1.371401,0.5977541
5.144708,-0.04801592,1.371356,0.597809
5.156494,-0.04800418,1.371325,0.5978442
5.167554,-0.04801652,1.371279,0.5979141
5.179269,-0.0480192,1.371269,0.5979463
5.190166,-0.04801235,1.371264,0.5980257
5.199989,-0.04802945,1.371264,0.5981115
5.211627,-0.04799464,1.371248,0.5981275
5.223444,-0.04798776,1.371218,0.5981377
5.235581,-0.04799187,1.371185,0.598184
5.245262,-0.04802722,1.371186,0.5981821
5.256514,-0.04803655,1.371169,0.5982393
5.267689,-0.0480305,1.371172,0.598308
5.278376,-0.04804277,1.371179,0.5983773
5.290063,-0.04807425,1.371135,0.5984904
5.300728,-0.0480755,1.371197,0.5985092
5.311401,-0.04808816,1.37124,0.5986034
5.323722,-0.04806241,1.371234,0.5988082
5.334771,-0.04807821,1.371242,0.5989043
5.345242,-0.04804689,1.371264,0.5990311
5.356464,-0.04806212,1.37129,0.5991205
5.367805,-0.04806128,1.371325,0.5992025
5.378486,-0.04807863,1.371365,0.5993196
5.390096,-0.04805249,1.371347,0.5994231
5.400642,-0.04805669,1.371342,0.599527
5.410655,-0.0481019,1.371369,0.599588
5.423287,-0.04806322,1.371391,0.5996662
5.434084,-0.04809353,1.371378,0.5997828
5.444599,-0.04803273,1.371286,0.5999433
5.457072,-0.04804531,1.37127,0.6000742
5.468174,-0.04805401,1.371243,0.6001862
5.483953,-0.04806361,1.371196,0.6002856
5.495156,-0.04805726,1.371126,0.6003774
5.504818,-0.04806787,1.37104,0.6005186
5.514409,-0.04804787,1.370993,0.6006583
5.525517,-0.04806089,1.370966,0.6007205
5.534956,-0.04805166,1.37092,0.6008378
5.543893,-0.04812562,1.370916,0.6008683
5.556063,-0.04811534,1.370905,0.6009873
5.568551,-0.04809761,1.370868,0.6011051
5.578355,-0.04805601,1.370888,0.6012338
5.590421,-0.04806012,1.370935,0.6012696
5.601709,-0.0480794,1.370947,0.6013769
5.612031,-0.0480774,1.370945,0.6014804
5.623926,-0.04809543,1.370922,0.6015481
5.635336,-0.04807875,1.370921,0.6016532
5.645474,-0.04806331,1.370952,0.6017236
5.656897,-0.04803815,1.370935,0.601792
5.668942,-0.0480144,1.370976,0.6017977
5.679875,-0.04798487,1.37103,0.6018678
5.689956,-0.04792839,1.371012,0.601992
5.702045,-0.04785028,1.371063,0.6021584
5.712343,-0.04781955,1.371079,0.6021959
5.723645,-0.04778275,1.371053,0.602337
5.734317,-0.0477635,1.37106,0.6024467
5.745007,-0.04777139,1.371089,0.6025351
5.757627,-0.04775953,1.3711,0.6026784
5.768751,-0.04775032,1.371063,0.6028918
5.779533,-0.04779032,1.371006,0.6029798
5.790549,-0.04781169,1.370993,0.6030461
5.800502,-0.04781324,1.370894,0.6031524
5.812158,-0.04780862,1.370835,0.6032623
5.822674,-0.04779911,1.37079,0.6033112
5.833791,-0.04780558,1.370731,0.6034023
5.846062,-0.04781824,1.370738,0.6035422
5.857985,-0.04784316,1.370705,0.6036402
5.869768,-0.04788464,1.370656,0.6037334
5.881428,-0.04794151,1.370632,0.6038526
5.892069,-0.04799649,1.370569,0.6039132
5.902208,-0.04801002,1.370484,0.6040245
5.911798,-0.04805201,1.370455,0.604097
5.925727,-0.04809776,1.370433,0.6042346
5.935507,-0.04815796,1.370404,0.6042899
5.946184,-0.04821861,1.370401,0.6043311
5.958557,-0.04830953,1.370463,0.6044
5.969348,-0.04839468,1.370475,0.6044627
5.979755,-0.04849234,1.370486,0.6045564
5.991661,-0.04859212,1.370488,0.6046075
6.003855,-0.04862019,1.370458,0.6046945
6.013914,-0.0487045,1.370458,0.6047443
6.024806,-0.04877889,1.370483,0.6047319
6.037748,-0.04887259,1.370494,0.6047693
6.048003,-0.04894045,1.370474,0.6048247
6.059146,-0.04898685,1.370515,0.6048757
6.069751,-0.0490433,1.370546,0.6049105
6.081199,-0.0491243,1.370593,0.6049179
6.092725,-0.04918545,1.370608,0.6049434
6.104052,-0.04928371,1.370652,0.6049722
6.115085,-0.0493328,1.370634,0.6049563
6.125617,-0.04945344,1.370618,0.6049863
6.136858,-0.04950428,1.370623,0.6049865
6.147621,-0.04955199,1.370628,0.6050276
6.159456,-0.04962373,1.370632,0.6050555
6.17088,-0.04967853,1.370642,0.6050845
6.181733,-0.04971787,1.370644,0.6051315
6.192932,-0.0497525,1.370635,0.605137
6.203688,-0.04983005,1.370654,0.6051294
6.21389,-0.0498625,1.370654,0.6051589
6.225195,-0.04992223,1.370681,0.6051027
6.237495,-0.0499658,1.370667,0.6051162
6.247243,-0.04996842,1.37067,0.6050984
6.259242,-0.04999718,1.370676,0.6050702
6.270877,-0.05000967,1.370663,0.6050867
6.281046,-0.05002803,1.370646,0.6050571
6.299372,-0.05005276,1.370613,0.6050578
6.30883,-0.05005121,1.370579,0.6051208
6.318264,-0.05007315,1.370565,0.6051069
6.327558,-0.0500918,1.370537,0.6050862
6.338643,-0.05009669,1.370508,0.6050655
6.348822,-0.05013987,1.370457,0.6050545
6.358625,-0.0501605,1.370436,0.6050318
6.367332,-0.05018756,1.370392,0.6050876
6.376375,-0.05020326,1.370395,0.6051313
6.386626,-0.05020642,1.37041,0.6050934
6.397664,-0.05019987,1.370402,0.6050397
6.408361,-0.05020821,1.370381,0.6050268
6.419958,-0.05024233,1.370386,0.605033
6.430957,-0.0502561,1.370383,0.6049939
6.441926,-0.05026317,1.370407,0.6049813
6.453737,-0.05027518,1.370427,0.6049615
6.465901,-0.05027652,1.370457,0.6049095
6.476159,-0.05032983,1.370452,0.6048208
6.486739,-0.0503473,1.370452,0.6048039
6.49896,-0.05038339,1.370414,0.6048034
6.508641,-0.05040216,1.37039,0.6047529
6.520038,-0.05039296,1.370383,0.604642
6.531291,-0.05036798,1.37037,0.6045882
6.542338,-0.05037454,1.370388,0.6045786
6.553723,-0.05036545,1.370394,0.6045431
6.564326,-0.05038169,1.370389,0.6045266
6.575663,-0.05039185,1.370383,0.6045226
6.586559,-0.0503841,1.370375,0.6044976
6.596776,-0.05035064,1.370328,0.6044573
6.608215,-0.05033723,1.370332,0.6044317
6.619689,-0.05027491,1.370314,0.604431
6.630422,-0.05025348,1.370299,0.6043936
6.641872,-0.05024302,1.370294,0.6043924
6.652669,-0.05024222,1.370291,0.6043442
6.66391,-0.0502443,1.37027,0.6042925
6.675462,-0.05021146,1.37027,0.6042773
6.687032,-0.05022132,1.370264,0.6042868
6.69697,-0.05024743,1.370244,0.6042632
6.708763,-0.05022931,1.370259,0.6042413
6.720785,-0.05025703,1.370286,0.6041688
6.730955,-0.05022669,1.370283,0.6041666
6.742353,-0.05024064,1.370249,0.6040446
6.755395,-0.05022955,1.370221,0.6040334
6.76555,-0.05023709,1.370218,0.6040343
6.776549,-0.05021852,1.370196,0.6040007
6.789078,-0.05024269,1.370207,0.6039649
6.801537,-0.05026707,1.370185,0.6039199
6.8105,-0.05029833,1.37017,0.6039039
6.822087,-0.05034846,1.370118,0.6037909
6.833598,-0.05037192,1.370093,0.6037837
6.844553,-0.05036581,1.370067,0.6037947
6.855628,-0.05038285,1.370055,0.6037766
6.866726,-0.05039567,1.370091,0.6036798
6.878634,-0.05041301,1.370043,0.6036676
6.889732,-0.05041674,1.370042,0.6036414
6.901771,-0.05042484,1.370014,0.6036092
6.913229,-0.05042741,1.370018,0.6035777
6.924898,-0.05042717,1.370049,0.6035532
6.93597,-0.05045184,1.370062,0.6035806
6.946851,-0.0504742,1.370082,0.603562
6.958822,-0.0505082,1.3701,0.6035017
6.969735,-0.05052733,1.370124,0.6034905
6.979717,-0.05058143,1.370134,0.6034042
6.991555,-0.05060041,1.370171,0.6033791
7.002137,-0.05063024,1.37021,0.6033138
7.012775,-0.05064657,1.370244,0.6032761
7.024791,-0.05068144,1.37025,0.6033069
7.035915,-0.05065912,1.3703,0.6032864
7.046556,-0.05067381,1.370329,0.6032661
7.059003,-0.0506905,1.3704,0.6031896
7.068933,-0.05071506,1.37041,0.6031762
7.080068,-0.05071747,1.370416,0.603161
7.091169,-0.05073372,1.370415,0.6031626
7.102462,-0.05078349,1.370424,0.6031457
7.114345,-0.05081353,1.370392,0.6031557
7.124599,-0.05079401,1.370373,0.6031481
7.135393,-0.05084431,1.370352,0.6031395
7.146566,-0.05088443,1.370342,0.6031667
7.157823,-0.05086863,1.370344,0.6032542
7.169213,-0.05088913,1.370308,0.6033164
7.181736,-0.05090955,1.370299,0.603393
7.19239,-0.05093724,1.370264,0.6034666
7.2041,-0.0509319,1.370198,0.6035215
7.214437,-0.05095881,1.370151,0.6036156
7.225788,-0.0509482,1.370072,0.6036304
7.238508,-0.05092731,1.369995,0.6037089
7.2479,-0.05094272,1.369924,0.6037511
7.258006,-0.05094892,1.369852,0.603803
7.270662,-0.05095249,1.369795,0.6038529
7.282396,-0.05100879,1.36973,0.6038142
7.292155,-0.05101502,1.369709,0.6038555
7.304217,-0.05102,1.369668,0.6038519
7.313769,-0.05101186,1.369664,0.6039084
7.325406,-0.05098531,1.369651,0.6039034
7.337328,-0.05100468,1.36964,0.6039122
7.347296,-0.05098483,1.36964,0.6039506
7.358236,-0.05095497,1.369681,0.6039869
7.370383,-0.05091998,1.369712,0.6040434
7.38071,-0.05090854,1.369727,0.6040744
7.391859,-0.05087173,1.369759,0.6041366
7.403322,-0.05079654,1.36983,0.6042236
7.413125,-0.05074865,1.369874,0.604338
7.424402,-0.05071965,1.36989,0.6044854
7.436546,-0.05068231,1.369888,0.604601
7.446138,-0.05064011,1.369901,0.6046983
7.457828,-0.05058184,1.369918,0.6048013
7.468973,-0.05053741,1.369913,0.6049172
7.479867,-0.05048051,1.369915,0.6050476
7.491073,-0.05042672,1.369937,0.6051856
7.502633,-0.0503701,1.369953,0.6053025
7.513003,-0.05031055,1.369956,0.6054517
7.524368,-0.05023244,1.369932,0.6056286
7.535357,-0.0501788,1.369895,0.6057266
7.545743,-0.05013272,1.369879,0.6058742
7.557954,-0.05007675,1.369865,0.6060587
7.569066,-0.05002129,1.369859,0.6062423
7.580141,-0.04997227,1.36976,0.6064214
7.590844,-0.04994905,1.369711,0.6065937
7.602176,-0.04989371,1.369636,0.6068481
7.61307,-0.04989135,1.369581,0.6070584
7.623978,-0.04987854,1.369503,0.6072565
7.636962,-0.04986379,1.369472,0.6073903
7.646714,-0.04989743,1.369409,0.6075596
7.657916,-0.04993281,1.369371,0.6077095
7.669657,-0.0499773,1.369288,0.6078788
7.680166,-0.05008644,1.369251,0.6079723
7.692285,-0.0501729,1.369182,0.6081184
7.702572,-0.05026293,1.369073,0.6083049
7.713579,-0.05037349,1.368998,0.6084603
7.725221,-0.05049464,1.368915,0.6085738
7.736288,-0.05061334,1.368814,0.6086968
7.746985,-0.05074537,1.368714,0.6088301
7.758198,-0.05093327,1.368618,0.6089491
7.771109,-0.05107611,1.368537,0.6090559
7.780716,-0.05124307,1.368488,0.609157
7.792658,-0.05140457,1.368448,0.6092669
7.803449,-0.05154088,1.368383,0.6093851
7.813635,-0.05171931,1.368315,0.6094815
7.825454,-0.05189595,1.368271,0.6095518
7.836712,-0.05202842,1.368186,0.6097103
7.84731,-0.05220166,1.368166,0.6098081
7.858997,-0.05236608,1.368126,0.60996
7.870259,-0.05253705,1.36806,0.610057
7.880038,-0.05269694,1.368057,0.6101357
7.891324,-0.05286062,1.367973,0.6102175
7.911864,-0.05295706,1.367863,0.6103545
7.92309,-0.05310151,1.367793,0.6104692
7.932927,-0.05334619,1.367634,0.6106144
7.941458,-0.0534794,1.367513,0.6106716
7.952993,-0.05364305,1.367431,0.6107122
7.964189,-0.0537867,1.367343,0.6108276
7.976096,-0.05392352,1.367303,0.6109649
7.987711,-0.05404851,1.367237,0.6110119
7.998683,-0.05410051,1.367106,0.6111716
8.010372,-0.05420178,1.367056,0.6112388
8.020834,-0.05437344,1.367,0.6112992
8.030559,-0.05445138,1.366962,0.6113561
8.041604,-0.0545083,1.366885,0.6113056
8.052544,-0.05455431,1.366867,0.6112491
8.063281,-0.05459777,1.366854,0.6112674
8.075358,-0.05463237,1.366879,0.6112849
8.08643,-0.05469212,1.366882,0.6112834
8.097363,-0.05493695,1.366887,0.6111184
8.108562,-0.05498293,1.366913,0.6111175
8.119875,-0.05512282,1.366898,0.611035
8.13104,-0.05517706,1.366936,0.6109837
8.141636,-0.05526328,1.366961,0.6110507
8.153226,-0.05531093,1.36698,0.6109618
8.163844,-0.05530974,1.366967,0.6109501
8.174964,-0.05518091,1.367008,0.6110033
8.186441,-0.05518955,1.367015,0.6110126
8.1974,-0.05521733,1.36701,0.6110836
8.208039,-0.05521628,1.367044,0.6110994
8.219019,-0.05528134,1.367093,0.6110724
8.229561,-0.05526564,1.367142,0.6110967
8.241189,-0.05534357,1.367211,0.6111907
8.252262,-0.0554235,1.367202,0.6110731
8.262522,-0.05542448,1.367192,0.6110672
8.2738,-0.05538934,1.367232,0.6111706
8.285211,-0.05538252,1.367231,0.6111814
8.296097,-0.05535352,1.367211,0.6111444
8.307456,-0.05535027,1.367208,0.6111683
8.319676,-0.055343,1.367142,0.6112124
8.329765,-0.05534324,1.367135,0.6112193
8.34098,-0.05545467,1.367146,0.6111768
8.352451,-0.05549061,1.367144,0.6111265
8.362452,-0.05543053,1.36715,0.6110619
8.374402,-0.05546629,1.367198,0.6112074
8.386,-0.05545536,1.367208,0.6112045
8.397248,-0.05548811,1.367192,0.6112105
8.409214,-0.05546254,1.367226,0.6112357
8.420087,-0.05545112,1.367275,0.6112763
8.432767,-0.05547345,1.367285,0.6112367
8.443101,-0.05549148,1.367389,0.6113311
8.454855,-0.05552015,1.367373,0.6113845
8.4662,-0.05550432,1.367392,0.6114179
8.477328,-0.05545583,1.367362,0.6113309
8.488421,-0.05546322,1.367361,0.6113371
8.500852,-0.05548882,1.367317,0.6112777
8.511484,-0.0555644,1.367275,0.6111974
8.52341,-0.05566719,1.367392,0.6112875
8.534878,-0.05584204,1.367494,0.6113204
8.545477,-0.05587992,1.367563,0.611364
8.557131,-0.05594277,1.367631,0.6113991
8.568549,-0.05602083,1.36766,0.6114026
8.578717,-0.05607432,1.367656,0.6113693
8.590729,-0.05612427,1.367677,0.6113812
8.602617,-0.05610898,1.367617,0.6114262
8.612467,-0.05614462,1.367654,0.6114691
8.624183,-0.05618078,1.367654,0.6115376
8.635421,-0.05631512,1.367662,0.6116151
8.645942,-0.05638218,1.367683,0.6116289
8.656866,-0.05642548,1.367676,0.6116391
8.668202,-0.05645287,1.36772,0.6116608
8.67898,-0.05648559,1.367743,0.611735
8.690154,-0.05649793,1.367775,0.6117767
8.702413,-0.05653068,1.367845,0.6118115
8.712812,-0.05662167,1.367813,0.611874
8.724104,-0.05665565,1.3678,0.6119021
8.734674,-0.05667278,1.367751,0.6118413
8.746171,-0.05669567,1.367759,0.6118594
8.757201,-0.0567795,1.367785,0.6118902
8.768236,-0.05682746,1.367787,0.6119243
8.779864,-0.05686611,1.367854,0.6119682
8.790245,-0.05691496,1.36786,0.6119646
8.801422,-0.05693272,1.367902,0.6120619
8.812694,-0.05698887,1.367873,0.6120747
8.825483,-0.05701312,1.367931,0.6120154
8.835473,-0.05706346,1.367928,0.6119663
8.846022,-0.05706447,1.367924,0.6119939
8.857188,-0.05706978,1.367892,0.612058
8.869081,-0.05711079,1.367884,0.6120681
8.878963,-0.05710045,1.367916,0.6120683
8.890504,-0.05708787,1.36794,0.6121086
8.901669,-0.05703601,1.367951,0.6121284
8.911981,-0.05704516,1.367925,0.6121973
8.923884,-0.05700469,1.367948,0.6122564
8.934844,-0.05694067,1.367944,0.6122309
8.945333,-0.05688637,1.367959,0.612285
8.956886,-0.05682176,1.367909,0.6123189
8.967524,-0.05674896,1.36786,0.6123649
8.97932,-0.05666158,1.367815,0.612404
8.990843,-0.05658597,1.367742,0.6124727
9.001311,-0.05651328,1.367664,0.6125919
9.012092,-0.05644882,1.367556,0.612655
9.02421,-0.05636564,1.36746,0.6127249
9.035358,-0.05630496,1.36735,0.6127659
9.045103,-0.0562112,1.367285,0.6128098
9.056925,-0.05613381,1.367216,0.6128694
9.067554,-0.05602917,1.367163,0.6129011
9.079002,-0.05593759,1.367128,0.6130062
9.090564,-0.0558731,1.367075,0.6130093
9.101027,-0.05576733,1.367056,0.6130227
9.11261,-0.05569971,1.367069,0.6129953
9.123716,-0.05560324,1.367042,0.6130046
9.134679,-0.05557299,1.366998,0.6129867
9.145462,-0.05549854,1.366995,0.6129903
9.156851,-0.05547255,1.366962,0.6129531
9.168519,-0.05534816,1.367005,0.6129915
9.178176,-0.05533311,1.367038,0.6130036
9.189735,-0.0552673,1.367061,0.6130167
9.201755,-0.05519122,1.367029,0.6129624
9.212514,-0.05517969,1.367084,0.6129681
9.22421,-0.05516577,1.367112,0.6129595
9.23498,-0.05516484,1.367158,0.6129638
9.246355,-0.05515712,1.367169,0.6129643
9.25726,-0.05506504,1.367092,0.6129836
9.269824,-0.05501068,1.367071,0.6129886
9.279637,-0.05505261,1.367021,0.6130921
9.291708,-0.055071,1.366948,0.6130649
9.302436,-0.05504975,1.366892,0.6129614
9.31257,-0.05500999,1.366814,0.6129435
9.32434,-0.05499691,1.366729,0.6129431
9.33609,-0.05496818,1.366658,0.612964
9.346708,-0.05496573,1.366585,0.6129519
9.358324,-0.05494621,1.366497,0.6129793
9.369936,-0.05492473,1.366435,0.61296
9.380276,-0.05488226,1.366409,0.6129218
9.391609,-0.05486473,1.366358,0.6128701
9.404296,-0.05495757,1.366399,0.6129333
9.414531,-0.05492023,1.366372,0.6128751
9.424887,-0.05487314,1.366393,0.6128274
9.435353,-0.05485862,1.366396,0.6127023
9.446397,-0.05483845,1.366439,0.6126598
9.459267,-0.05484065,1.366543,0.6125981
9.469445,-0.05488032,1.366582,0.6124986
9.479127,-0.05490202,1.366675,0.6124729
9.492447,-0.05492246,1.366743,0.6124085
9.502174,-0.05495054,1.366792,0.6124004
9.512368,-0.05500656,1.366816,0.6124085
9.523832,-0.05505583,1.366842,0.6123456
9.535349,-0.05510512,1.366885,0.6122762
9.551558,-0.05516902,1.366904,0.6121978
9.560987,-0.05530286,1.366935,0.6120831
9.570422,-0.05539843,1.366963,0.6120192
9.579196,-0.05549261,1.366969,0.6119548
9.588353,-0.05555624,1.367003,0.6119317
9.597712,-0.05564249,1.36698,0.6119012
9.60935,-0.05581203,1.366956,0.611796
9.620559,-0.05601701,1.367054,0.6117955
9.631986,-0.05614966,1.366997,0.6117152
9.643251,-0.05624375,1.366984,0.6116303
9.654418,-0.05630949,1.366927,0.6115659
9.66517,-0.05639854,1.366918,0.6114987
9.676109,-0.05646721,1.366886,0.6114532
9.688202,-0.05665347,1.366809,0.6112441
9.699131,-0.05673221,1.366793,0.6112362
9.709599,-0.05674797,1.366839,0.6112157
9.722292,-0.05677974,1.366818,0.6111702
9.732676,-0.0568192,1.366918,0.6111289
9.743656,-0.05688718,1.366952,0.6110641
9.755249,-0.05693269,1.366985,0.6109318
9.765662,-0.05699667,1.367047,0.6108488
9.776337,-0.05704588,1.367114,0.6107136
9.788914,-0.05717525,1.367139,0.6105417
9.799606,-0.05726224,1.367193,0.6104747
9.81079,-0.05729666,1.367263,0.6103753
9.823072,-0.05728841,1.367254,0.6102258
9.83303,-0.05740955,1.367288,0.6101831
9.844003,-0.0574747,1.367349,0.6100434
9.854932,-0.05755138,1.367382,0.6098889
9.864748,-0.05759069,1.367427,0.6097816
9.876278,-0.0576596,1.36747,0.6097327
9.888882,-0.05771989,1.367515,0.6095978
9.898756,-0.05774063,1.367545,0.6094738
9.912209,-0.0577772,1.367616,0.6093463
9.92326,-0.05776861,1.367698,0.6091732
9.934008,-0.05777729,1.367693,0.6090657
9.94479,-0.05777764,1.367748,0.6088723
9.956307,-0.0578106,1.367727,0.6087106
9.966605,-0.05782202,1.367689,0.6085657
9.977772,-0.05785882,1.367709,0.608478
9.990655,-0.05788797,1.367662,0.6082977
10.00169,-0.05785978,1.3676,0.608188
10.01156,-0.05786762,1.367571,0.608049
10.02246,-0.057863,1.367503,0.6080042
10.03546,-0.05790341,1.367501,0.6078464
10.0445,-0.05788901,1.367489,0.6077255
10.05661,-0.05789006,1.367484,0.6075886
10.06711,-0.05789733,1.367504,0.6074845
10.07826,-0.05789432,1.367531,0.6074034
10.08958,-0.05794904,1.367537,0.6072658
10.10102,-0.0579747,1.367541,0.6071545
10.11199,-0.05799678,1.367586,0.607062
10.12313,-0.0580101,1.367602,0.6069475
10.13394,-0.05801517,1.367666,0.6068934
10.14473,-0.05803716,1.367631,0.6067559
10.15646,-0.05806017,1.367628,0.6065942
10.16714,-0.05806208,1.367643,0.6064914
10.1791,-0.05806592,1.367648,0.6062964
10.19044,-0.05808139,1.367647,0.6061572
10.20025,-0.05807975,1.367622,0.6060725
10.21121,-0.05804673,1.367658,0.6059598
10.22359,-0.05797231,1.367722,0.6058995
10.23448,-0.0579302,1.367748,0.6056932
10.24516,-0.05794048,1.367798,0.6055521
10.25686,-0.05793762,1.367852,0.605383
10.26737,-0.05795723,1.367917,0.6052474
10.27775,-0.05791974,1.367944,0.6051704
10.29019,-0.05785987,1.368042,0.6051034
10.30105,-0.05781701,1.368077,0.6050617
10.31158,-0.05768684,1.368091,0.6049463
10.32338,-0.05760929,1.368082,0.604854
10.33398,-0.05749774,1.368039,0.60473
10.3457,-0.05736306,1.36802,0.6046284
10.35627,-0.05722749,1.368045,0.6044997
10.36725,-0.05709323,1.367988,0.6044077
10.37935,-0.05696875,1.367954,0.6042527
10.38984,-0.05682591,1.367907,0.6041528
10.40236,-0.05674109,1.367853,0.6040632
10.41257,-0.05669332,1.367867,0.603969
10.42526,-0.05667934,1.367821,0.6038831
10.43594,-0.05666032,1.367826,0.6037649
10.44627,-0.05662191,1.367814,0.6036838
10.45767,-0.05659294,1.36781,0.6035668
10.4687,-0.05665374,1.367805,0.6034735
10.47868,-0.05666474,1.367786,0.6034092
10.49142,-0.05663991,1.367791,0.6033505
10.5027,-0.05663764,1.367769,0.6032332
10.51254,-0.05661842,1.367785,0.6032063
10.52373,-0.0565559,1.367858,0.6031913
10.53487,-0.05651355,1.367871,0.6031388
10.54651,-0.05649334,1.367909,0.6030995
10.55787,-0.05647975,1.367919,0.6030825
10.56917,-0.05647016,1.367954,0.6030535
10.5806,-0.05645463,1.368007,0.6030542
10.59146,-0.05641842,1.368094,0.6030718
10.60256,-0.05639029,1.368212,0.6030067
10.61364,-0.05635965,1.368242,0.6030132
10.62521,-0.05636176,1.368309,0.6030308
10.63562,-0.05635896,1.368344,0.6030065
10.64634,-0.05635655,1.368318,0.6029919
10.65913,-0.05635333,1.368329,0.6029886
10.67184,-0.05634466,1.368339,0.6030089
10.68046,-0.0563117,1.368379,0.602944
10.68974,-0.05622879,1.368357,0.6029574
10.69991,-0.05621424,1.368312,0.6030055
10.7092,-0.05621114,1.368278,0.6030265
10.72116,-0.05618542,1.368217,0.6031145
10.73028,-0.05617678,1.368213,0.6031529
10.7425,-0.05619681,1.36816,0.6031848
10.75335,-0.05613247,1.368084,0.6031996
10.76392,-0.05610859,1.368063,0.6032618
10.77517,-0.05607745,1.367988,0.6033269
10.78733,-0.0560348,1.367943,0.6033629
10.79846,-0.05603552,1.367975,0.6033756
10.80885,-0.05598229,1.368011,0.603428
10.82042,-0.0559608,1.368008,0.6034797
10.8304,-0.05592343,1.368084,0.6035107
10.84285,-0.05589169,1.368152,0.6035651
10.85315,-0.05585408,1.36818,0.6035877
10.86552,-0.05584854,1.368215,0.6036021
10.87534,-0.05582443,1.368273,0.6035663
10.88746,-0.05577502,1.368322,0.6035734
10.8996,-0.05575296,1.368439,0.6035925
10.90837,-0.05572429,1.368544,0.6036555
10.92006,-0.05570701,1.368582,0.6036345
10.93169,-0.05567822,1.368598,0.6036526
10.94179,-0.05568132,1.368592,0.6035932
10.95348,-0.05566472,1.368598,0.6035749
10.96421,-0.05565286,1.368626,0.6035832
10.97563,-0.05563405,1.368671,0.6035746
10.98688,-0.0556224,1.368703,0.6035951
10.99734,-0.05559728,1.368678,0.6036025
11.00883,-0.05555305,1.368667,0.6036166
11.01971,-0.05553314,1.368658,0.6035551
11.0309,-0.0555326,1.36867,0.6035651
11.04212,-0.05545518,1.36865,0.6036335
11.05371,-0.05544609,1.368566,0.6037818
11.06569,-0.05540559,1.368497,0.6038264
11.07582,-0.05539247,1.368428,0.6038302
11.08864,-0.05533397,1.368397,0.6039129
11.09855,-0.05531171,1.368351,0.6039931
11.10978,-0.05527759,1.368295,0.6040457
11.12175,-0.05526289,1.368273,0.6041037
11.13704,-0.05523574,1.368249,0.6041423
11.14556,-0.05520022,1.368232,0.604215
11.15411,-0.055177,1.368198,0.604267
11.16344,-0.05516201,1.368194,0.604328
11.17396,-0.05515853,1.3682,0.6043524
11.18582,-0.05510408,1.368154,0.6043872
11.19647,-0.0550746,1.368116,0.6044093
11.20743,-0.0550051,1.368121,0.6044668
11.21862,-0.05498463,1.368114,0.6045076
11.22913,-0.05494249,1.368097,0.6045252
11.24087,-0.05491364,1.368119,0.604503
11.25179,-0.05489361,1.368082,0.6045548
11.26324,-0.05484322,1.368061,0.6045843
11.27436,-0.05479801,1.368099,0.6045653
11.28574,-0.05479038,1.368141,0.6046118
11.29623,-0.05475113,1.368166,0.6047024
11.307,-0.05475461,1.368212,0.6047074
11.3184,-0.05475503,1.368214,0.6047388
11.32992,-0.05473962,1.368262,0.6047059
11.34076,-0.05471951,1.368258,0.6047429
11.35181,-0.05471241,1.368257,0.6047717
11.36359,-0.05467865,1.368265,0.604849
11.37365,-0.05469769,1.368288,0.6049336
11.38508,-0.05469331,1.368316,0.6049973
11.39579,-0.05472973,1.368288,0.6051258
11.40728,-0.05476031,1.368276,0.6052114
11.41901,-0.05480692,1.368256,0.6054043
11.42943,-0.05485573,1.368232,0.6055793
11.44076,-0.0548926,1.36818,0.6056882
11.45254,-0.05494502,1.368141,0.6058007
11.46276,-0.05495226,1.36809,0.6059471
11.47502,-0.05499029,1.368085,0.606017
11.48532,-0.05496383,1.367999,0.6061682
11.49641,-0.05498528,1.367973,0.6063195
11.50781,-0.05499011,1.367913,0.6064566
11.52017,-0.05501869,1.367867,0.6066626
11.55077,-0.0550687,1.367804,0.6070281
11.56081,-0.0551191,1.36779,0.6073219
11.57297,-0.05516484,1.367765,0.6074804
11.58467,-0.05519226,1.367718,0.6076037
11.59496,-0.05523887,1.367706,0.6077181
11.60679,-0.05526009,1.367719,0.6079015
11.61753,-0.05530301,1.367718,0.6080478
11.62771,-0.05536005,1.367743,0.6082093
11.63939,-0.05541,1.367682,0.6084095
11.65061,-0.05544439,1.367633,0.608585
11.66169,-0.05547491,1.367625,0.6087524
11.67304,-0.05556896,1.367594,0.6088539
11.68398,-0.05564746,1.367553,0.6089686
11.69495,-0.05571187,1.367459,0.6091443
11.70614,-0.05579388,1.367393,0.6092905
11.71716,-0.05587897,1.367282,0.6094731
11.72942,-0.05589595,1.367192,0.609593
11.73921,-0.05593452,1.367115,0.6097847
11.75025,-0.05602798,1.367071,0.6098682
11.76214,-0.05609283,1.367039,0.6099788
11.77259,-0.05619359,1.367005,0.6101104
11.78412,-0.0562821,1.366952,0.6101998
11.7951,-0.05637082,1.366922,0.6103019
11.80705,-0.05646566,1.366872,0.6103975
11.81665,-0.05656859,1.366922,0.6104385
11.82859,-0.05664876,1.366916,0.6105343
11.83951,-0.05671036,1.366843,0.6106776
11.85075,-0.05678722,1.366844,0.6107274
11.8611,-0.05677104,1.366884,0.6108896
11.87309,-0.05683807,1.366895,0.6110283
11.88467,-0.05690423,1.366904,0.6111475
11.89538,-0.05693263,1.366906,0.6111742
11.90719,-0.05695581,1.366903,0.6112374
11.91843,-0.05700028,1.366949,0.6113755
11.92836,-0.05699709,1.366915,0.6114312
11.93991,-0.05711013,1.366936,0.6114489
11.95178,-0.05715406,1.366894,0.6115202
11.96134,-0.05720001,1.366801,0.6115791
11.97328,-0.05724716,1.366776,0.6116558
11.98519,-0.05722451,1.366758,0.6117309
11.99536,-0.05725577,1.366736,0.6117834
12.00679,-0.05733767,1.366735,0.6118799
12.01858,-0.05738819,1.366675,0.6119353
12.02912,-0.05750278,1.366612,0.6119822
12.03976,-0.05753192,1.366577,0.6118919
12.05157,-0.05758435,1.366508,0.6119281
12.06296,-0.05766305,1.366454,0.6119469
12.0725,-0.05769184,1.366402,0.6119677
12.0846,-0.05782902,1.36634,0.6119045
12.09528,-0.05788714,1.366303,0.6119086
12.10834,-0.05782366,1.366291,0.6119272
12.11865,-0.05785251,1.366276,0.6119267
12.13105,-0.05790854,1.366279,0.6118261
12.14245,-0.05799517,1.366346,0.6118697
12.15391,-0.05804455,1.36636,0.6118435
12.16524,-0.05800071,1.366357,0.6117879
12.17669,-0.05805731,1.366345,0.6117789
12.18869,-0.05810022,1.366378,0.6117898
12.19936,-0.05816683,1.366385,0.6116961
12.21134,-0.05820107,1.366449,0.6116029
12.22439,-0.05826199,1.366469,0.6115724
12.23297,-0.0582616,1.366459,0.6115507
12.24522,-0.05825344,1.36642,0.6114527
12.25617,-0.05827832,1.366449,0.6113602
12.26613,-0.05831376,1.366457,0.6113292
12.2773,-0.05839977,1.366427,0.6111079
12.28941,-0.05836144,1.366382,0.6110438
12.29955,-0.05844218,1.366325,0.6109816
12.31098,-0.05844745,1.366314,0.6109647
12.32444,-0.05840778,1.366304,0.6109027
12.33487,-0.05839834,1.366261,0.6109446
12.3446,-0.05839297,1.366238,0.6109015
12.35605,-0.05835685,1.366179,0.6109143
12.36692,-0.05840358,1.366115,0.6108338
12.37761,-0.05830881,1.366141,0.6109067
12.38899,-0.05826557,1.366089,0.6109468
12.39966,-0.05818906,1.366019,0.6108834
12.41076,-0.05816051,1.366025,0.6108524
12.423,-0.05812156,1.36603,0.610932
12.43512,-0.05809051,1.365956,0.6110286
12.44554,-0.05800658,1.365908,0.6110591
12.4565,-0.05797061,1.365882,0.6110171
12.46654,-0.05789188,1.365828,0.6110271
12.47726,-0.05792013,1.365879,0.6110784
12.48884,-0.05789521,1.36586,0.611077
12.50012,-0.05792925,1.365884,0.611183
12.51074,-0.05792758,1.365834,0.6112176
12.52246,-0.05799812,1.365835,0.6113106
12.53353,-0.05798599,1.365772,0.6113178
12.54448,-0.05791941,1.365669,0.6113185
12.55682,-0.05792344,1.36558,0.6112977
12.56612,-0.05794725,1.365442,0.6112851
12.57683,-0.0579755,1.365337,0.6112796
12.58912,-0.05798954,1.365243,0.6113046
12.59972,-0.05800268,1.365104,0.6113385
12.61146,-0.05800813,1.364995,0.6114062
12.62215,-0.05802196,1.364843,0.6114243
12.63289,-0.05803221,1.364778,0.6114107
12.64423,-0.05803779,1.364676,0.6114684
12.65602,-0.05805391,1.364631,0.6114544
12.66668,-0.05807057,1.364523,0.6114727
12.67791,-0.05811474,1.364462,0.6114854
12.68913,-0.05813774,1.364429,0.611473
12.69935,-0.05818632,1.364363,0.6114625
12.71069,-0.05822489,1.364367,0.6115772
12.72264,-0.0582768,1.364377,0.611632
12.73304,-0.05832168,1.364376,0.6117197
12.74431,-0.05836135,1.364347,0.6117395
12.75571,-0.05836114,1.364388,0.6117338
12.76568,-0.05835891,1.364332,0.6117221
12.77941,-0.05837283,1.364303,0.6117209
12.7882,-0.05838341,1.364291,0.6116859
12.79883,-0.0583967,1.364254,0.6116947
12.8103,-0.05841431,1.364186,0.6116937
12.82136,-0.05842963,1.36411,0.6116737
12.83229,-0.05846593,1.364,0.6117054
12.84254,-0.05849001,1.364007,0.6117331
12.85461,-0.05852884,1.364038,0.6117872
12.86557,-0.05859238,1.364005,0.6117891
12.87644,-0.05863047,1.363917,0.6117753
12.88705,-0.05865222,1.363805,0.6117767
12.89812,-0.0586471,1.36376,0.6117235
12.90932,-0.05865979,1.363696,0.6117684
12.9205,-0.05873767,1.363662,0.6117388
12.93315,-0.05873647,1.363649,0.6116883
12.94278,-0.05879408,1.363613,0.6116468
12.9545,-0.05880576,1.363611,0.6116577
12.96503,-0.05881479,1.363611,0.611616
12.9765,-0.0587827,1.363607,0.6115886
12.98763,-0.05876967,1.363624,0.6115657
12.99896,-0.05874664,1.363648,0.6115464
13.00917,-0.05872506,1.363681,0.6115197
13.0208,-0.05861086,1.363705,0.6114794
13.03116,-0.05859879,1.363753,0.611451
13.04275,-0.05855742,1.363749,0.6113616
13.05451,-0.05852994,1.363734,0.6113008
13.06523,-0.05851197,1.363758,0.611246
13.07572,-0.0585382,1.363828,0.611189
13.08774,-0.05849749,1.363857,0.6111521
13.09813,-0.0585134,1.363915,0.611003
13.10968,-0.05847135,1.363883,0.6109761
13.12094,-0.05843005,1.363933,0.6109115
13.13159,-0.05840182,1.363941,0.6108664
13.14327,-0.05833742,1.363999,0.6108431
13.1555,-0.05828759,1.364045,0.6107584
13.16728,-0.05822316,1.364102,0.6107014
13.17854,-0.05817899,1.364214,0.610633
13.19045,-0.05810878,1.364268,0.6105317
13.19971,-0.05804166,1.364333,0.610479
13.21182,-0.05797005,1.364403,0.6104048
13.22365,-0.05785728,1.364466,0.6103412
13.23433,-0.05778021,1.364534,0.610253
13.24523,-0.05769151,1.364577,0.6101736
13.25743,-0.05761939,1.364624,0.6100308
13.26966,-0.05755815,1.364691,0.6099674
13.28002,-0.05755445,1.364723,0.6098586
13.28969,-0.05754223,1.364794,0.6098081
13.29969,-0.057502,1.364831,0.6097473
13.31058,-0.05746925,1.364898,0.6096205
13.32287,-0.05744538,1.364927,0.6095327
13.33332,-0.05740872,1.364986,0.609485
13.34379,-0.0573515,1.365041,0.6094471
13.35494,-0.05730787,1.365084,0.609393
13.36642,-0.05741882,1.36521,0.6094404
13.3771,-0.0573718,1.365229,0.6094037
13.38882,-0.05734426,1.36529,0.6092581
13.39944,-0.05723202,1.365259,0.6092004
13.41066,-0.05721387,1.365246,0.6092159
13.42158,-0.05720234,1.365263,0.6092163
13.43226,-0.05717686,1.365266,0.6092256
13.44408,-0.05710757,1.365252,0.6091787
13.45573,-0.05712014,1.365244,0.6091305
13.46557,-0.05709118,1.36526,0.6091048
13.47669,-0.05709249,1.365299,0.6091846
13.48852,-0.05706626,1.365338,0.6091937
13.4987,-0.05704057,1.365345,0.6092168
13.51091,-0.05701384,1.365403,0.6092068
13.52163,-0.05701706,1.36543,0.6092416
13.5322,-0.05699834,1.365485,0.6092674
13.54318,-0.05701491,1.365479,0.6093131
13.55542,-0.05701655,1.365487,0.6093274
13.56581,-0.05703953,1.365521,0.6093799
13.57727,-0.0570164,1.365527,0.6094466
13.58865,-0.05702379,1.365542,0.6094848
13.5994,-0.05702049,1.36551,0.6095637
13.60977,-0.05705312,1.365511,0.6096004
13.62214,-0.05710503,1.365474,0.6096851
13.63238,-0.05731124,1.365411,0.6095468
13.64331,-0.05724609,1.365288,0.6095721
13.65488,-0.05728909,1.365246,0.6096276
13.6665,-0.05733147,1.365223,0.609696
13.67751,-0.05745637,1.365157,0.6096944
13.68849,-0.05750549,1.365112,0.6097916
13.69932,-0.05745581,1.365116,0.6099979
13.71137,-0.05748141,1.36509,0.610082
13.72231,-0.05746296,1.365071,0.6102222
13.73384,-0.05746248,1.365051,0.6102823
13.74467,-0.05746323,1.365037,0.610387
13.75637,-0.05740052,1.36513,0.6105543
13.76587,-0.05735835,1.365126,0.6106616
13.77793,-0.05733392,1.36515,0.610747
13.78854,-0.05728137,1.36516,0.6108323
13.79954,-0.05723533,1.365145,0.6109518
13.81173,-0.05717966,1.365176,0.6110765
13.82261,-0.05710146,1.365109,0.6111625
13.83214,-0.05703408,1.365135,0.6112143
13.8435,-0.05697846,1.365211,0.6112138
13.85574,-0.0568777,1.365288,0.6112801
13.86632,-0.05681431,1.365358,0.6113259
13.87646,-0.05673492,1.3654,0.6113323
13.88894,-0.05665684,1.365501,0.6113704
13.89891,-0.05677527,1.365529,0.6114727
13.90982,-0.0567148,1.365548,0.611477
13.92196,-0.05664042,1.365546,0.6115025
13.93263,-0.0565989,1.365536,0.6114999
13.9437,-0.05661386,1.365569,0.6115733
13.95601,-0.05658078,1.365428,0.6116222
13.96591,-0.05654901,1.365407,0.6116804
13.97661,-0.05651528,1.365408,0.6117259
13.98889,-0.05647856,1.36539,0.6117953
13.99892,-0.05630773,1.365284,0.6117483
14.01019,-0.0562548,1.36525,0.6117941
14.02249,-0.05628154,1.365258,0.6118246
14.03339,-0.05625629,1.365188,0.6118208
14.04449,-0.05622229,1.365185,0.6118361
14.05515,-0.05612892,1.365101,0.6117219
14.06594,-0.05608806,1.365088,0.6117464
14.07667,-0.05600974,1.365046,0.6117197
14.08794,-0.05598938,1.365092,0.6117464
14.09932,-0.05590969,1.365131,0.6117202
14.10982,-0.0558798,1.365168,0.6117452
14.12201,-0.05592605,1.365226,0.6116313
14.13263,-0.05601698,1.36523,0.6115011
14.143,-0.05603135,1.365242,0.6114627
14.15498,-0.05609491,1.365284,0.6114055
14.16531,-0.05612919,1.365319,0.6113912
14.17636,-0.05622873,1.365416,0.6113111
14.18867,-0.05628583,1.36547,0.6112739
14.19883,-0.0562633,1.365482,0.6112009
14.20996,-0.05632871,1.365504,0.6111289
14.22231,-0.05639589,1.365495,0.6111299
14.23176,-0.05647856,1.365453,0.6111161
14.24304,-0.05653882,1.365425,0.6110586
14.25463,-0.05656305,1.365387,0.611082
14.26522,-0.05661905,1.365392,0.6110517
14.27647,-0.05666453,1.365386,0.6110042
14.28806,-0.05674726,1.365364,0.6109658
14.29857,-0.05691728,1.365396,0.6110085
14.31005,-0.05698362,1.365384,0.6109709
14.32144,-0.05710131,1.365363,0.6110355
14.33155,-0.05712172,1.365352,0.6111065
14.34291,-0.0571909,1.365348,0.6110865
14.35529,-0.0572001,1.365291,0.6111017
14.36566,-0.05725184,1.365302,0.6110634
14.37648,-0.05724829,1.365319,0.6109587
14.39342,-0.05728903,1.365358,0.6109594
14.40163,-0.05739391,1.365403,0.6110409
14.40989,-0.05744028,1.36543,0.6109911
14.41931,-0.05748886,1.365435,0.6110054
14.42939,-0.05756098,1.365514,0.6109813
14.44112,-0.05771309,1.36559,0.611076
14.45319,-0.0577037,1.365616,0.6111301
14.46283,-0.057787,1.365645,0.6111389
14.47482,-0.05785182,1.365581,0.6111432
14.4857,-0.05793676,1.365617,0.6111881
14.50177,-0.05796728,1.365631,0.6112329
14.51148,-0.05803201,1.365644,0.6112801
14.51977,-0.05827528,1.365634,0.6110588
14.53029,-0.05846387,1.36562,0.6109041
14.5409,-0.05857036,1.365619,0.6109585
14.55256,-0.05859819,1.365629,0.6109713
14.56336,-0.0586744,1.365623,0.6110038
14.89669,-0.05884373,1.365568,0.6110491
14.91627,-0.05933046,1.366503,0.6148869
14.92685,-0.05927125,1.366497,0.6149436
14.936,-0.05927601,1.366469,0.6150204
14.94692,-0.05924678,1.366389,0.6150686
14.95856,-0.05921108,1.366408,0.615127
14.96783,-0.05927074,1.366437,0.6152123
14.97933,-0.05925065,1.366451,0.6152624
14.99134,-0.05919391,1.36648,0.6153725
15.00271,-0.05915916,1.366476,0.6154169
15.01354,-0.05919516,1.366454,0.6155206
15.02432,-0.05915594,1.366449,0.6155654
15.03497,-0.05914372,1.366425,0.6155227
15.04658,-0.05909842,1.366314,0.615528
15.05774,-0.05906057,1.366286,0.6155232
15.06925,-0.0590224,1.366281,0.6155792
15.08011,-0.05900121,1.366297,0.6155664
15.09146,-0.05897322,1.366247,0.6155511
15.10237,-0.05893376,1.366248,0.615564
15.11451,-0.05896112,1.36626,0.6155392
15.12435,-0.05899754,1.366226,0.6155022
15.13612,-0.05901274,1.366232,0.6154803
15.14714,-0.05907786,1.366229,0.6154352
15.15852,-0.05908921,1.366201,0.61542
15.16906,-0.059131,1.366158,0.6153458
15.18089,-0.05914816,1.366103,0.6153487
15.1916,-0.05915532,1.366024,0.615352
15.2029,-0.05916986,1.366001,0.6153506
15.21393,-0.05920851,1.365933,0.6153656
15.22568,-0.05916694,1.365969,0.6154057
15.23564,-0.05913931,1.365942,0.6153747
15.24927,-0.05914289,1.365952,0.6154
15.26078,-0.05913642,1.365929,0.6154305
15.27112,-0.05908027,1.365913,0.6154307
15.28219,-0.05906546,1.36588,0.6154634
15.29447,-0.0590418,1.365902,0.6155111
15.30562,-0.05902272,1.365895,0.6155478
15.31429,-0.05902055,1.365902,0.6155854
15.32738,-0.05894706,1.36591,0.6156517
15.33712,-0.0589273,1.365887,0.6157237
15.3485,-0.05887166,1.365883,0.6158417
15.36105,-0.05882502,1.365891,0.6159192
15.37092,-0.05879334,1.365949,0.615945
15.38203,-0.0587633,1.365957,0.6160175
15.39408,-0.05876023,1.365977,0.6159877
15.40457,-0.05874103,1.365972,0.6160773
15.41468,-0.0587377,1.365943,0.6162168
15.42668,-0.05872583,1.365884,0.6162747
15.43854,-0.05868313,1.36581,0.6163403
15.44967,-0.05865899,1.365757,0.6164328
15.46104,-0.05867088,1.365688,0.6165186
15.47066,-0.05860648,1.365602,0.6166683
15.48287,-0.05860579,1.365519,0.6167775
15.49392,-0.05858213,1.365473,0.6169218
15.50454,-0.05858859,1.365393,0.6169945
15.51496,-0.05860597,1.365311,0.6171359
15.52799,-0.05862159,1.365239,0.6172472
15.53815,-0.05864334,1.365199,0.617334
15.54877,-0.05862442,1.365152,0.6174632
15.56042,-0.05864719,1.365132,0.6175524
15.57069,-0.05870083,1.365129,0.6175507
15.58205,-0.05874565,1.365113,0.6176301
15.59412,-0.05879211,1.365108,0.6176964
15.60483,-0.05876037,1.365105,0.617788
15.61511,-0.05881956,1.365067,0.6178507
15.62686,-0.0588598,1.365069,0.617956
15.63733,-0.05892408,1.365038,0.6180407
15.64882,-0.05896842,1.365006,0.6181418
15.6608,-0.05901247,1.364998,0.6182417
15.67237,-0.05904841,1.364946,0.6183118
15.68234,-0.05908218,1.364884,0.6184047
15.69303,-0.0590561,1.364811,0.6186849
15.7038,-0.05905503,1.364771,0.6187903
15.71621,-0.05907264,1.36464,0.6188558
15.72686,-0.05912527,1.364606,0.6189729
15.73696,-0.05915219,1.364509,0.6190838
15.74829,-0.0591493,1.364465,0.6191231
15.75979,-0.05916768,1.364351,0.6192173
15.77067,-0.05920312,1.364273,0.6193393
15.78125,-0.05923611,1.364178,0.6194237
15.79304,-0.05917433,1.364076,0.6196352
15.80378,-0.05917889,1.363996,0.6197699
15.81509,-0.05916527,1.363897,0.619876
15.82675,-0.05915412,1.363853,0.6200305
15.83782,-0.05914086,1.363785,0.6200892
15.84938,-0.05912346,1.363714,0.6202394
15.86067,-0.05908588,1.363691,0.6203305
15.87112,-0.0590997,1.363635,0.6204575
15.88181,-0.05905434,1.363636,0.6205515
15.89401,-0.05899861,1.363634,0.620694
15.90382,-0.05893597,1.36362,0.6208776
15.91502,-0.05890554,1.363619,0.6209515
15.92675,-0.05886033,1.363618,0.6210343
15.93725,-0.05885458,1.363606,0.621116
15.94794,-0.05882633,1.363645,0.6213299
15.95959,-0.05882227,1.363644,0.621415
15.96984,-0.05883941,1.363657,0.6215571
15.98244,-0.05885449,1.363648,0.621652
15.99399,-0.05883226,1.363671,0.6217319
16.00301,-0.05885437,1.363646,0.6217769
16.01475,-0.05890271,1.363596,0.6218969
16.02647,-0.05894789,1.36362,0.622028
16.03712,-0.05899161,1.36358,0.6221045
16.04829,-0.05902594,1.363525,0.6221687
16.0599,-0.05906728,1.363494,0.6222419
16.07033,-0.0590961,1.363492,0.6222907
16.08185,-0.0591445,1.363463,0.6223601
16.10121,0,0,0