éûä‘,HMDxç¿ïW,HMDyç¿ïW,HMDzç¿ïW
1,0,0,0
2,0,0,0
3,-0.05496868,1.370131,0.6062626
4,-0.05329773,1.371043,0.6043011
5,-0.05334198,1.371087,0.603741
6,-0.05334514,1.371086,0.6035949
7,-0.05335161,1.371113,0.6034967
8,-0.05338061,1.371179,0.603439
9,-0.053406,1.37126,0.6033179
10,-0.053395,1.371283,0.6032673
11,-0.05341786,1.37132,0.6031035
12,-0.05339241,1.371295,0.6030678
13,-0.05339453,1.371294,0.6030272
14,-0.05339926,1.371311,0.6029505
15,-0.05301934,1.37144,0.6022686
16,-0.05358064,1.371236,0.6022092
17,-0.05372253,1.37115,0.6022276
18,-0.05380601,1.371111,0.6022006
19,-0.05387285,1.371046,0.6022006
20,-0.05392045,1.370974,0.6022249
21,-0.05398971,1.370915,0.6022288
22,-0.05408809,1.370906,0.602182
23,-0.05419591,1.370852,0.6021532
24,-0.05427444,1.370858,0.6022002
25,-0.05429104,1.370856,0.6022235
26,-0.0543226,1.37082,0.6022009
27,-0.05438855,1.370813,0.6022164
28,-0.05447268,1.370843,0.6022419
29,-0.05448952,1.370853,0.6022457
30,-0.05452457,1.370881,0.6021897
31,-0.05455065,1.370872,0.6021637
32,-0.05451167,1.370856,0.602177
33,-0.05452845,1.370885,0.6021484
34,-0.0545513,1.370901,0.6021489
35,-0.05455697,1.37092,0.6021503
36,-0.05457842,1.370905,0.6021565
37,-0.05456781,1.3709,0.6021088
38,-0.05458304,1.370867,0.6020755
39,-0.05457944,1.370849,0.6020683
40,-0.0545952,1.370848,0.6021236
41,-0.05459738,1.370815,0.6021286
42,-0.05460072,1.370782,0.6020755
43,-0.05460498,1.370772,0.60208
44,-0.05460808,1.37076,0.6021208
45,-0.05461869,1.370755,0.6021353
46,-0.05461618,1.370736,0.6022178
47,-0.05462661,1.3707,0.6022066
48,-0.05462614,1.370724,0.6021272
49,-0.05460763,1.370718,0.6020926
50,-0.05455676,1.370693,0.6020986
51,-0.05454004,1.3707,0.6021515
52,-0.0545516,1.370713,0.602168
53,-0.05452049,1.37072,0.6021084
54,-0.0545243,1.370702,0.6020995
55,-0.05450472,1.370734,0.6020583
56,-0.0544849,1.370684,0.6021732
57,-0.05449119,1.370723,0.6022359
58,-0.05449694,1.370768,0.6022357
59,-0.05448788,1.37078,0.6022891
60,-0.05451798,1.370738,0.6023422
61,-0.05449393,1.370703,0.6024204
62,-0.05450869,1.370657,0.6025265
63,-0.05456743,1.370592,0.6025575
64,-0.05460811,1.370545,0.6025997
65,-0.05464458,1.370495,0.6027087
66,-0.05469304,1.37044,0.6027788
67,-0.05474088,1.370409,0.6027993
68,-0.05483866,1.370411,0.6028687
69,-0.05488265,1.370387,0.6030365
70,-0.05490473,1.370408,0.6031379
71,-0.05494073,1.37037,0.6032785
72,-0.0549536,1.370349,0.6033958
73,-0.05499732,1.370368,0.6033913
74,-0.05500448,1.370337,0.6035129
75,-0.05504736,1.370307,0.6036326
76,-0.05508208,1.370289,0.6037375
77,-0.05511042,1.370286,0.603844
78,-0.05514061,1.37027,0.6039473
79,-0.05519578,1.370259,0.6040646
80,-0.05524817,1.370232,0.6041669
81,-0.05531782,1.370205,0.6042498
82,-0.05536622,1.370192,0.6043264
83,-0.05540311,1.370165,0.6044704
84,-0.05539623,1.370162,0.6045927
85,-0.05542532,1.370148,0.6046873
86,-0.05541757,1.370136,0.6048073
87,-0.05543265,1.37009,0.6049217
88,-0.05543265,1.370068,0.6050249
89,-0.05546746,1.370047,0.6051813
90,-0.0554713,1.370054,0.6053063
91,-0.05547008,1.370114,0.6054052
92,-0.05548769,1.37014,0.6055366
93,-0.05544889,1.370161,0.6056548
94,-0.05542499,1.370162,0.6057817
95,-0.05542615,1.370162,0.6058561
96,-0.05539206,1.370153,0.6059893
97,-0.055361,1.370179,0.606094
98,-0.05531138,1.370246,0.6061143
99,-0.05526888,1.370253,0.6061913
100,-0.05520299,1.370213,0.6062657
101,-0.05517146,1.370255,0.6063217
102,-0.05511248,1.370259,0.6063896
103,-0.05506191,1.370238,0.6065005
104,-0.05495304,1.370202,0.6065608
105,-0.0549067,1.370187,0.606618
106,-0.05482098,1.370203,0.6067334
107,-0.05477792,1.370185,0.6067904
108,-0.05474734,1.370171,0.6068913
109,-0.05475864,1.370144,0.6069175
110,-0.0547277,1.370161,0.6069564
111,-0.05471763,1.37017,0.6069628
112,-0.0546715,1.370141,0.606939
113,-0.05460656,1.370109,0.6069463
114,-0.05459091,1.370122,0.6069974
115,-0.05453965,1.370124,0.6070257
116,-0.05445924,1.370118,0.6071128
117,-0.05443269,1.370173,0.6070119
118,-0.05437064,1.37021,0.6070002
119,-0.05434397,1.370231,0.6070317
120,-0.05428427,1.370277,0.607006
121,-0.05425039,1.370292,0.607
122,-0.05420756,1.370351,0.6069616
123,-0.0541487,1.370418,0.6069123
124,-0.05412072,1.370391,0.6068586
125,-0.05409592,1.370415,0.6068307
126,-0.0540837,1.370427,0.6067778
127,-0.05407712,1.370472,0.6067628
128,-0.05408892,1.370511,0.6067177
129,-0.05407816,1.370561,0.6066972
130,-0.05410078,1.370645,0.6066622
131,-0.0540759,1.370677,0.6066247
132,-0.05407938,1.370711,0.6066366
133,-0.05409712,1.370694,0.6065787
134,-0.05412591,1.370715,0.606531
135,-0.05413881,1.370721,0.6064776
136,-0.05413949,1.370728,0.6064247
137,-0.05417281,1.370751,0.606388
138,-0.05422235,1.370791,0.6063408
139,-0.05429736,1.370807,0.6063563
140,-0.05438799,1.370804,0.6062604
141,-0.05445221,1.370823,0.6062471
142,-0.05453387,1.370835,0.606259
143,-0.05463681,1.370836,0.6061984
144,-0.05471492,1.370837,0.6061755
145,-0.05482298,1.370822,0.60614
146,-0.05489177,1.37083,0.6061503
147,-0.05496132,1.370843,0.6061102
148,-0.05500475,1.370864,0.6060625
149,-0.05504575,1.370866,0.6060418
150,-0.05508417,1.370911,0.6060141
151,-0.05511981,1.370913,0.606047
152,-0.05518761,1.370932,0.6060361
153,-0.05520561,1.370957,0.606022
154,-0.05521464,1.370956,0.6060022
155,-0.05523777,1.370968,0.6060616
156,-0.05524033,1.370937,0.6060401
157,-0.05525017,1.370946,0.6060146
158,-0.05529577,1.370945,0.6060077
159,-0.05531809,1.370934,0.6060003
160,-0.05531913,1.370904,0.6060103
161,-0.05531913,1.370875,0.6060129
162,-0.05530059,1.370834,0.6059538
163,-0.05527273,1.370792,0.6059443
164,-0.05522874,1.370752,0.6058909
165,-0.0551385,1.370711,0.6058532
166,-0.05510768,1.3707,0.6058143
167,-0.05504718,1.370707,0.6057938
168,-0.05498993,1.370683,0.6057457
169,-0.05490905,1.37067,0.6057364
170,-0.05482161,1.370676,0.6056925
171,-0.05473587,1.37072,0.6056169
172,-0.05466619,1.370734,0.6055628
173,-0.05459949,1.370749,0.6055096
174,-0.05456439,1.370779,0.6054317
175,-0.05452892,1.370839,0.6053721
176,-0.05446115,1.370878,0.6052927
177,-0.05437738,1.37089,0.6051847
178,-0.05423072,1.370942,0.6051255
179,-0.0541217,1.370983,0.6050948
180,-0.05403194,1.371049,0.6050521
181,-0.05396384,1.371084,0.6050125
182,-0.05388868,1.371152,0.6049913
183,-0.05381906,1.371209,0.6049076
184,-0.05380791,1.37128,0.6048585
185,-0.05374995,1.371347,0.6047751
186,-0.0537397,1.371362,0.6046847
187,-0.05369571,1.371382,0.6046439
188,-0.05351403,1.371409,0.6045645
189,-0.05344981,1.371451,0.6045519
190,-0.05339473,1.37146,0.6045331
191,-0.05333936,1.371489,0.6045364
192,-0.05335888,1.371524,0.6045364
193,-0.05331615,1.371501,0.6045455
194,-0.05333123,1.371484,0.604489
195,-0.05331501,1.371492,0.6045042
196,-0.05330583,1.371491,0.6044856
197,-0.05323008,1.371483,0.6044286
198,-0.0531942,1.371464,0.6044117
199,-0.05315381,1.371477,0.6043884
200,-0.05317238,1.371484,0.6043092
201,-0.05318937,1.371469,0.6042844
202,-0.05320591,1.371471,0.6042312
203,-0.05325007,1.371457,0.6041874
204,-0.05328962,1.371444,0.6040889
205,-0.05330816,1.371436,0.6040522
206,-0.05329537,1.371335,0.6040589
207,-0.05333492,1.371301,0.6040381
208,-0.05335936,1.371307,0.6040646
209,-0.05340159,1.371256,0.604055
210,-0.05344668,1.371249,0.6040372
211,-0.05348977,1.371225,0.6040169
212,-0.0535081,1.371162,0.6039406
213,-0.05350131,1.37122,0.6038998
214,-0.05353943,1.371197,0.603861
215,-0.05351996,1.371192,0.6038374
216,-0.05353916,1.371192,0.6037487
217,-0.05351403,1.371171,0.6037196
218,-0.05352315,1.371154,0.603644
219,-0.05356508,1.371151,0.603603
220,-0.05359218,1.371138,0.6035277
221,-0.0536167,1.371129,0.6034611
222,-0.05361587,1.371086,0.6034166
223,-0.05363944,1.371079,0.6033584
224,-0.05361855,1.371019,0.6033412
225,-0.05362046,1.371009,0.6033159
226,-0.05361041,1.370992,0.6032499
227,-0.05359188,1.370969,0.6032053
228,-0.05356222,1.370964,0.6031326
229,-0.05355653,1.370942,0.6030792
230,-0.05357391,1.370938,0.6030055
231,-0.05359179,1.370981,0.602887
232,-0.05362153,1.371016,0.6028212
233,-0.05361724,1.371035,0.6027335
234,-0.05360216,1.37107,0.6026036
235,-0.05362129,1.371039,0.6024929
236,-0.05362585,1.371051,0.6023849
237,-0.05367973,1.371057,0.6022719
238,-0.05367693,1.370998,0.6022311
239,-0.05371389,1.371024,0.6021506
240,-0.05371729,1.371075,0.6020256
241,-0.05372503,1.371087,0.6019608
242,-0.05371949,1.371073,0.6019212
243,-0.05371425,1.371033,0.6017851
244,-0.05378219,1.371029,0.6016799
245,-0.0537875,1.371014,0.6016108
246,-0.053817,1.371019,0.6015173
247,-0.0538187,1.371027,0.6014084
248,-0.0538677,1.37106,0.6013449
249,-0.05389774,1.371009,0.6012985
250,-0.0539065,1.37097,0.6012326
251,-0.05389369,1.371031,0.6011947
252,-0.05391112,1.370999,0.60118
253,-0.05387822,1.371013,0.6011668
254,-0.05387127,1.371037,0.6010777
255,-0.05383661,1.371017,0.6010443
256,-0.05378598,1.371003,0.6010312
257,-0.05377188,1.370984,0.6010131
258,-0.05376187,1.37092,0.6009654
259,-0.05370903,1.370898,0.600849
260,-0.05366567,1.370879,0.6007999
261,-0.05363727,1.370874,0.6008643
262,-0.05363217,1.37087,0.6008183
263,-0.05360219,1.370895,0.6007868
264,-0.05361798,1.370888,0.6007029
265,-0.0535709,1.370901,0.6006461
266,-0.05354613,1.370916,0.6006211
267,-0.05350599,1.370955,0.6006175
268,-0.05346486,1.370944,0.6005167
269,-0.05345306,1.370915,0.6004571
270,-0.05340719,1.37092,0.6004122
271,-0.05334273,1.370922,0.600403
272,-0.05330625,1.370951,0.6003853
273,-0.0532364,1.371011,0.6004118
274,-0.05325192,1.371001,0.6003398
275,-0.05320379,1.371019,0.6003462
276,-0.05318412,1.371057,0.6003238
277,-0.05313852,1.371081,0.6003433
278,-0.05306557,1.371139,0.6002876
279,-0.05301076,1.371143,0.6002609
280,-0.05291158,1.371125,0.6002322
281,-0.05285373,1.37118,0.6002239
282,-0.05276215,1.371176,0.6002096
283,-0.05269754,1.371124,0.6002163
284,-0.05262777,1.371126,0.6001939
285,-0.05257529,1.371136,0.600175
286,-0.05252123,1.371168,0.6001452
287,-0.05246115,1.371201,0.6000851
288,-0.05238196,1.371238,0.6000568
289,-0.05236107,1.371233,0.5999531
290,-0.05227613,1.371202,0.5999089
291,-0.05222049,1.371239,0.5998622
292,-0.05212045,1.37127,0.5998379
293,-0.0520581,1.371286,0.599846
294,-0.0520128,1.371245,0.59982
295,-0.05192217,1.37122,0.599785
296,-0.05188179,1.371192,0.5998119
297,-0.0518398,1.371179,0.5997704
298,-0.05182436,1.371185,0.5997072
299,-0.05174813,1.371154,0.5997392
300,-0.05173171,1.371145,0.5997008
301,-0.05168083,1.371177,0.5996946
302,-0.05165449,1.371166,0.599697
303,-0.05166823,1.371152,0.5996674
304,-0.0516631,1.37115,0.5996722
305,-0.05166793,1.371151,0.5996748
306,-0.05166307,1.371127,0.5996736
307,-0.05166271,1.371128,0.59965
308,-0.05168608,1.371099,0.599672
309,-0.05169249,1.371101,0.5997053
310,-0.05165759,1.371119,0.5996166
311,-0.0516209,1.371099,0.5995971
312,-0.0515821,1.371117,0.5996066
313,-0.05155313,1.371087,0.5996031
314,-0.05155092,1.371054,0.5995711
315,-0.05153951,1.370995,0.5996069
316,-0.05157769,1.371009,0.5994917
317,-0.05155104,1.371034,0.5995425
318,-0.05155846,1.37105,0.5995303
319,-0.05156246,1.371011,0.5994974
320,-0.05156195,1.370962,0.5994791
321,-0.05155605,1.370988,0.5993639
322,-0.05155492,1.370955,0.5993108
323,-0.05152825,1.370886,0.5992459
324,-0.05154389,1.370852,0.5992056
325,-0.05157834,1.370836,0.5991298
326,-0.05160695,1.370773,0.5991043
327,-0.0516465,1.370742,0.5990564
328,-0.05167249,1.37072,0.5990313
329,-0.05169863,1.370681,0.5989789
330,-0.05174232,1.370662,0.5989035
331,-0.05176923,1.370606,0.5988799
332,-0.05175826,1.370522,0.5988551
333,-0.05178061,1.370502,0.5988411
334,-0.05173767,1.370497,0.5987912
335,-0.05178177,1.370514,0.5987264
336,-0.05175394,1.370482,0.59874
337,-0.05172613,1.370482,0.5986599
338,-0.05170619,1.370488,0.5986236
339,-0.05165896,1.370485,0.5986134
340,-0.05162802,1.370498,0.5985554
341,-0.05158058,1.370514,0.5985545
342,-0.05153266,1.370519,0.5985409
343,-0.0514935,1.370495,0.5984818
344,-0.05143139,1.37046,0.5985202
345,-0.05138656,1.370463,0.5984715
346,-0.05138147,1.370557,0.5984133
347,-0.051357,1.370581,0.5983614
348,-0.05135584,1.370561,0.5983576
349,-0.0513081,1.37059,0.5983218
350,-0.05126342,1.370674,0.5982505
351,-0.05121818,1.370705,0.5982493
352,-0.05113104,1.370785,0.5981616
353,-0.05106601,1.370823,0.5981258
354,-0.05100727,1.37085,0.5981053
355,-0.05095655,1.370847,0.5981606
356,-0.05090511,1.37086,0.5981423
357,-0.05082127,1.370914,0.5981482
358,-0.05074635,1.370923,0.5980939
359,-0.05065057,1.370934,0.5980846
360,-0.05058753,1.37094,0.5980743
361,-0.05047953,1.370942,0.59805
362,-0.050392,1.370946,0.5980572
363,-0.05029631,1.370968,0.5980469
364,-0.05019596,1.370997,0.5979654
365,-0.05008805,1.371022,0.5979539
366,-0.04995456,1.371024,0.5979425
367,-0.04986036,1.371071,0.5979275
368,-0.04973787,1.371091,0.5979296
369,-0.04961756,1.371139,0.5978867
370,-0.04949325,1.371156,0.5978845
371,-0.04943004,1.371166,0.5977927
372,-0.04930857,1.371174,0.5977882
373,-0.04919839,1.371234,0.5977341
374,-0.04908353,1.371261,0.597701
375,-0.04895478,1.371298,0.5976239
376,-0.04884064,1.371344,0.5976108
377,-0.04870945,1.371372,0.597659
378,-0.04833031,1.37149,0.5976728
379,-0.04827356,1.371503,0.5977546
380,-0.04821247,1.37152,0.597773
381,-0.04814625,1.371452,0.5978185
382,-0.04807219,1.371386,0.5977894
383,-0.04808486,1.371369,0.5977143
384,-0.04804721,1.371372,0.5977811
385,-0.04804468,1.371401,0.5977541
386,-0.04801592,1.371356,0.597809
387,-0.04800418,1.371325,0.5978442
388,-0.04801652,1.371279,0.5979141
389,-0.0480192,1.371269,0.5979463
390,-0.04801235,1.371264,0.5980257
391,-0.04802945,1.371264,0.5981115
392,-0.04799464,1.371248,0.5981275
393,-0.04798776,1.371218,0.5981377
394,-0.04799187,1.371185,0.598184
395,-0.04802722,1.371186,0.5981821
396,-0.04803655,1.371169,0.5982393
397,-0.0480305,1.371172,0.598308
398,-0.04804277,1.371179,0.5983773
399,-0.04807425,1.371135,0.5984904
400,-0.0480755,1.371197,0.5985092
401,-0.04808816,1.37124,0.5986034
402,-0.04806241,1.371234,0.5988082
403,-0.04807821,1.371242,0.5989043
404,-0.04804689,1.371264,0.5990311
405,-0.04806212,1.37129,0.5991205
406,-0.04806128,1.371325,0.5992025
407,-0.04807863,1.371365,0.5993196
408,-0.04805249,1.371347,0.5994231
409,-0.04805669,1.371342,0.599527
410,-0.0481019,1.371369,0.599588
411,-0.04806322,1.371391,0.5996662
412,-0.04809353,1.371378,0.5997828
413,-0.04803273,1.371286,0.5999433
414,-0.04804531,1.37127,0.6000742
415,-0.04805401,1.371243,0.6001862
416,-0.04806361,1.371196,0.6002856
417,-0.04805726,1.371126,0.6003774
418,-0.04806787,1.37104,0.6005186
419,-0.04804787,1.370993,0.6006583
420,-0.04806089,1.370966,0.6007205
421,-0.04805166,1.37092,0.6008378
422,-0.04812562,1.370916,0.6008683
423,-0.04811534,1.370905,0.6009873
424,-0.04809761,1.370868,0.6011051
425,-0.04805601,1.370888,0.6012338
426,-0.04806012,1.370935,0.6012696
427,-0.0480794,1.370947,0.6013769
428,-0.0480774,1.370945,0.6014804
429,-0.04809543,1.370922,0.6015481
430,-0.04807875,1.370921,0.6016532
431,-0.04806331,1.370952,0.6017236
432,-0.04803815,1.370935,0.601792
433,-0.0480144,1.370976,0.6017977
434,-0.04798487,1.37103,0.6018678
435,-0.04792839,1.371012,0.601992
436,-0.04785028,1.371063,0.6021584
437,-0.04781955,1.371079,0.6021959
438,-0.04778275,1.371053,0.602337
439,-0.0477635,1.37106,0.6024467
440,-0.04777139,1.371089,0.6025351
441,-0.04775953,1.3711,0.6026784
442,-0.04775032,1.371063,0.6028918
443,-0.04779032,1.371006,0.6029798
444,-0.04781169,1.370993,0.6030461
445,-0.04781324,1.370894,0.6031524
446,-0.04780862,1.370835,0.6032623
447,-0.04779911,1.37079,0.6033112
448,-0.04780558,1.370731,0.6034023
449,-0.04781824,1.370738,0.6035422
450,-0.04784316,1.370705,0.6036402
451,-0.04788464,1.370656,0.6037334
452,-0.04794151,1.370632,0.6038526
453,-0.04799649,1.370569,0.6039132
454,-0.04801002,1.370484,0.6040245
455,-0.04805201,1.370455,0.604097
456,-0.04809776,1.370433,0.6042346
457,-0.04815796,1.370404,0.6042899
458,-0.04821861,1.370401,0.6043311
459,-0.04830953,1.370463,0.6044
460,-0.04839468,1.370475,0.6044627
461,-0.04849234,1.370486,0.6045564
462,-0.04859212,1.370488,0.6046075
463,-0.04862019,1.370458,0.6046945
464,-0.0487045,1.370458,0.6047443
465,-0.04877889,1.370483,0.6047319
466,-0.04887259,1.370494,0.6047693
467,-0.04894045,1.370474,0.6048247
468,-0.04898685,1.370515,0.6048757
469,-0.0490433,1.370546,0.6049105
470,-0.0491243,1.370593,0.6049179
471,-0.04918545,1.370608,0.6049434
472,-0.04928371,1.370652,0.6049722
473,-0.0493328,1.370634,0.6049563
474,-0.04945344,1.370618,0.6049863
475,-0.04950428,1.370623,0.6049865
476,-0.04955199,1.370628,0.6050276
477,-0.04962373,1.370632,0.6050555
478,-0.04967853,1.370642,0.6050845
479,-0.04971787,1.370644,0.6051315
480,-0.0497525,1.370635,0.605137
481,-0.04983005,1.370654,0.6051294
482,-0.0498625,1.370654,0.6051589
483,-0.04992223,1.370681,0.6051027
484,-0.0499658,1.370667,0.6051162
485,-0.04996842,1.37067,0.6050984
486,-0.04999718,1.370676,0.6050702
487,-0.05000967,1.370663,0.6050867
488,-0.05002803,1.370646,0.6050571
489,-0.05005276,1.370613,0.6050578
490,-0.05005121,1.370579,0.6051208
491,-0.05007315,1.370565,0.6051069
492,-0.0500918,1.370537,0.6050862
493,-0.05009669,1.370508,0.6050655
494,-0.05013987,1.370457,0.6050545
495,-0.0501605,1.370436,0.6050318
496,-0.05018756,1.370392,0.6050876
497,-0.05020326,1.370395,0.6051313
498,-0.05020642,1.37041,0.6050934
499,-0.05019987,1.370402,0.6050397
500,-0.05020821,1.370381,0.6050268
501,-0.05024233,1.370386,0.605033
502,-0.0502561,1.370383,0.6049939
503,-0.05026317,1.370407,0.6049813
504,-0.05027518,1.370427,0.6049615
505,-0.05027652,1.370457,0.6049095
506,-0.05032983,1.370452,0.6048208
507,-0.0503473,1.370452,0.6048039
508,-0.05038339,1.370414,0.6048034
509,-0.05040216,1.37039,0.6047529
510,-0.05039296,1.370383,0.604642
511,-0.05036798,1.37037,0.6045882
512,-0.05037454,1.370388,0.6045786
513,-0.05036545,1.370394,0.6045431
514,-0.05038169,1.370389,0.6045266
515,-0.05039185,1.370383,0.6045226
516,-0.0503841,1.370375,0.6044976
517,-0.05035064,1.370328,0.6044573
518,-0.05033723,1.370332,0.6044317
519,-0.05027491,1.370314,0.604431
520,-0.05025348,1.370299,0.6043936
521,-0.05024302,1.370294,0.6043924
522,-0.05024222,1.370291,0.6043442
523,-0.0502443,1.37027,0.6042925
524,-0.05021146,1.37027,0.6042773
525,-0.05022132,1.370264,0.6042868
526,-0.05024743,1.370244,0.6042632
527,-0.05022931,1.370259,0.6042413
528,-0.05025703,1.370286,0.6041688
529,-0.05022669,1.370283,0.6041666
530,-0.05024064,1.370249,0.6040446
531,-0.05022955,1.370221,0.6040334
532,-0.05023709,1.370218,0.6040343
533,-0.05021852,1.370196,0.6040007
534,-0.05024269,1.370207,0.6039649
535,-0.05026707,1.370185,0.6039199
536,-0.05029833,1.37017,0.6039039
537,-0.05034846,1.370118,0.6037909
538,-0.05037192,1.370093,0.6037837
539,-0.05036581,1.370067,0.6037947
540,-0.05038285,1.370055,0.6037766
541,-0.05039567,1.370091,0.6036798
542,-0.05041301,1.370043,0.6036676
543,-0.05041674,1.370042,0.6036414
544,-0.05042484,1.370014,0.6036092
545,-0.05042741,1.370018,0.6035777
546,-0.05042717,1.370049,0.6035532
547,-0.05045184,1.370062,0.6035806
548,-0.0504742,1.370082,0.603562
549,-0.0505082,1.3701,0.6035017
550,-0.05052733,1.370124,0.6034905
551,-0.05058143,1.370134,0.6034042
552,-0.05060041,1.370171,0.6033791
553,-0.05063024,1.37021,0.6033138
554,-0.05064657,1.370244,0.6032761
555,-0.05068144,1.37025,0.6033069
556,-0.05065912,1.3703,0.6032864
557,-0.05067381,1.370329,0.6032661
558,-0.0506905,1.3704,0.6031896
559,-0.05071506,1.37041,0.6031762
560,-0.05071747,1.370416,0.603161
561,-0.05073372,1.370415,0.6031626
562,-0.05078349,1.370424,0.6031457
563,-0.05081353,1.370392,0.6031557
564,-0.05079401,1.370373,0.6031481
565,-0.05084431,1.370352,0.6031395
566,-0.05088443,1.370342,0.6031667
567,-0.05086863,1.370344,0.6032542
568,-0.05088913,1.370308,0.6033164
569,-0.05090955,1.370299,0.603393
570,-0.05093724,1.370264,0.6034666
571,-0.0509319,1.370198,0.6035215
572,-0.05095881,1.370151,0.6036156
573,-0.0509482,1.370072,0.6036304
574,-0.05092731,1.369995,0.6037089
575,-0.05094272,1.369924,0.6037511
576,-0.05094892,1.369852,0.603803
577,-0.05095249,1.369795,0.6038529
578,-0.05100879,1.36973,0.6038142
579,-0.05101502,1.369709,0.6038555
580,-0.05102,1.369668,0.6038519
581,-0.05101186,1.369664,0.6039084
582,-0.05098531,1.369651,0.6039034
583,-0.05100468,1.36964,0.6039122
584,-0.05098483,1.36964,0.6039506
585,-0.05095497,1.369681,0.6039869
586,-0.05091998,1.369712,0.6040434
587,-0.05090854,1.369727,0.6040744
588,-0.05087173,1.369759,0.6041366
589,-0.05079654,1.36983,0.6042236
590,-0.05074865,1.369874,0.604338
591,-0.05071965,1.36989,0.6044854
592,-0.05068231,1.369888,0.604601
593,-0.05064011,1.369901,0.6046983
594,-0.05058184,1.369918,0.6048013
595,-0.05053741,1.369913,0.6049172
596,-0.05048051,1.369915,0.6050476
597,-0.05042672,1.369937,0.6051856
598,-0.0503701,1.369953,0.6053025
599,-0.05031055,1.369956,0.6054517
600,-0.05023244,1.369932,0.6056286
601,-0.0501788,1.369895,0.6057266
602,-0.05013272,1.369879,0.6058742
603,-0.05007675,1.369865,0.6060587
604,-0.05002129,1.369859,0.6062423
605,-0.04997227,1.36976,0.6064214
606,-0.04994905,1.369711,0.6065937
607,-0.04989371,1.369636,0.6068481
608,-0.04989135,1.369581,0.6070584
609,-0.04987854,1.369503,0.6072565
610,-0.04986379,1.369472,0.6073903
611,-0.04989743,1.369409,0.6075596
612,-0.04993281,1.369371,0.6077095
613,-0.0499773,1.369288,0.6078788
614,-0.05008644,1.369251,0.6079723
615,-0.0501729,1.369182,0.6081184
616,-0.05026293,1.369073,0.6083049
617,-0.05037349,1.368998,0.6084603
618,-0.05049464,1.368915,0.6085738
619,-0.05061334,1.368814,0.6086968
620,-0.05074537,1.368714,0.6088301
621,-0.05093327,1.368618,0.6089491
622,-0.05107611,1.368537,0.6090559
623,-0.05124307,1.368488,0.609157
624,-0.05140457,1.368448,0.6092669
625,-0.05154088,1.368383,0.6093851
626,-0.05171931,1.368315,0.6094815
627,-0.05189595,1.368271,0.6095518
628,-0.05202842,1.368186,0.6097103
629,-0.05220166,1.368166,0.6098081
630,-0.05236608,1.368126,0.60996
631,-0.05253705,1.36806,0.610057
632,-0.05269694,1.368057,0.6101357
633,-0.05286062,1.367973,0.6102175
634,-0.05295706,1.367863,0.6103545
635,-0.05310151,1.367793,0.6104692
636,-0.05334619,1.367634,0.6106144
637,-0.0534794,1.367513,0.6106716
638,-0.05364305,1.367431,0.6107122
639,-0.0537867,1.367343,0.6108276
640,-0.05392352,1.367303,0.6109649
641,-0.05404851,1.367237,0.6110119
642,-0.05410051,1.367106,0.6111716
643,-0.05420178,1.367056,0.6112388
644,-0.05437344,1.367,0.6112992
645,-0.05445138,1.366962,0.6113561
646,-0.0545083,1.366885,0.6113056
647,-0.05455431,1.366867,0.6112491
648,-0.05459777,1.366854,0.6112674
649,-0.05463237,1.366879,0.6112849
650,-0.05469212,1.366882,0.6112834
651,-0.05493695,1.366887,0.6111184
652,-0.05498293,1.366913,0.6111175
653,-0.05512282,1.366898,0.611035
654,-0.05517706,1.366936,0.6109837
655,-0.05526328,1.366961,0.6110507
656,-0.05531093,1.36698,0.6109618
657,-0.05530974,1.366967,0.6109501
658,-0.05518091,1.367008,0.6110033
659,-0.05518955,1.367015,0.6110126
660,-0.05521733,1.36701,0.6110836
661,-0.05521628,1.367044,0.6110994
662,-0.05528134,1.367093,0.6110724
663,-0.05526564,1.367142,0.6110967
664,-0.05534357,1.367211,0.6111907
665,-0.0554235,1.367202,0.6110731
666,-0.05542448,1.367192,0.6110672
667,-0.05538934,1.367232,0.6111706
668,-0.05538252,1.367231,0.6111814
669,-0.05535352,1.367211,0.6111444
670,-0.05535027,1.367208,0.6111683
671,-0.055343,1.367142,0.6112124
672,-0.05534324,1.367135,0.6112193
673,-0.05545467,1.367146,0.6111768
674,-0.05549061,1.367144,0.6111265
675,-0.05543053,1.36715,0.6110619
676,-0.05546629,1.367198,0.6112074
677,-0.05545536,1.367208,0.6112045
678,-0.05548811,1.367192,0.6112105
679,-0.05546254,1.367226,0.6112357
680,-0.05545112,1.367275,0.6112763
681,-0.05547345,1.367285,0.6112367
682,-0.05549148,1.367389,0.6113311
683,-0.05552015,1.367373,0.6113845
684,-0.05550432,1.367392,0.6114179
685,-0.05545583,1.367362,0.6113309
686,-0.05546322,1.367361,0.6113371
687,-0.05548882,1.367317,0.6112777
688,-0.0555644,1.367275,0.6111974
689,-0.05566719,1.367392,0.6112875
690,-0.05584204,1.367494,0.6113204
691,-0.05587992,1.367563,0.611364
692,-0.05594277,1.367631,0.6113991
693,-0.05602083,1.36766,0.6114026
694,-0.05607432,1.367656,0.6113693
695,-0.05612427,1.367677,0.6113812
696,-0.05610898,1.367617,0.6114262
697,-0.05614462,1.367654,0.6114691
698,-0.05618078,1.367654,0.6115376
699,-0.05631512,1.367662,0.6116151
700,-0.05638218,1.367683,0.6116289
701,-0.05642548,1.367676,0.6116391
702,-0.05645287,1.36772,0.6116608
703,-0.05648559,1.367743,0.611735
704,-0.05649793,1.367775,0.6117767
705,-0.05653068,1.367845,0.6118115
706,-0.05662167,1.367813,0.611874
707,-0.05665565,1.3678,0.6119021
708,-0.05667278,1.367751,0.6118413
709,-0.05669567,1.367759,0.6118594
710,-0.0567795,1.367785,0.6118902
711,-0.05682746,1.367787,0.6119243
712,-0.05686611,1.367854,0.6119682
713,-0.05691496,1.36786,0.6119646
714,-0.05693272,1.367902,0.6120619
715,-0.05698887,1.367873,0.6120747
716,-0.05701312,1.367931,0.6120154
717,-0.05706346,1.367928,0.6119663
718,-0.05706447,1.367924,0.6119939
719,-0.05706978,1.367892,0.612058
720,-0.05711079,1.367884,0.6120681
721,-0.05710045,1.367916,0.6120683
722,-0.05708787,1.36794,0.6121086
723,-0.05703601,1.367951,0.6121284
724,-0.05704516,1.367925,0.6121973
725,-0.05700469,1.367948,0.6122564
726,-0.05694067,1.367944,0.6122309
727,-0.05688637,1.367959,0.612285
728,-0.05682176,1.367909,0.6123189
729,-0.05674896,1.36786,0.6123649
730,-0.05666158,1.367815,0.612404
731,-0.05658597,1.367742,0.6124727
732,-0.05651328,1.367664,0.6125919
733,-0.05644882,1.367556,0.612655
734,-0.05636564,1.36746,0.6127249
735,-0.05630496,1.36735,0.6127659
736,-0.0562112,1.367285,0.6128098
737,-0.05613381,1.367216,0.6128694
738,-0.05602917,1.367163,0.6129011
739,-0.05593759,1.367128,0.6130062
740,-0.0558731,1.367075,0.6130093
741,-0.05576733,1.367056,0.6130227
742,-0.05569971,1.367069,0.6129953
743,-0.05560324,1.367042,0.6130046
744,-0.05557299,1.366998,0.6129867
745,-0.05549854,1.366995,0.6129903
746,-0.05547255,1.366962,0.6129531
747,-0.05534816,1.367005,0.6129915
748,-0.05533311,1.367038,0.6130036
749,-0.0552673,1.367061,0.6130167
750,-0.05519122,1.367029,0.6129624
751,-0.05517969,1.367084,0.6129681
752,-0.05516577,1.367112,0.6129595
753,-0.05516484,1.367158,0.6129638
754,-0.05515712,1.367169,0.6129643
755,-0.05506504,1.367092,0.6129836
756,-0.05501068,1.367071,0.6129886
757,-0.05505261,1.367021,0.6130921
758,-0.055071,1.366948,0.6130649
759,-0.05504975,1.366892,0.6129614
760,-0.05500999,1.366814,0.6129435
761,-0.05499691,1.366729,0.6129431
762,-0.05496818,1.366658,0.612964
763,-0.05496573,1.366585,0.6129519
764,-0.05494621,1.366497,0.6129793
765,-0.05492473,1.366435,0.61296
766,-0.05488226,1.366409,0.6129218
767,-0.05486473,1.366358,0.6128701
768,-0.05495757,1.366399,0.6129333
769,-0.05492023,1.366372,0.6128751
770,-0.05487314,1.366393,0.6128274
771,-0.05485862,1.366396,0.6127023
772,-0.05483845,1.366439,0.6126598
773,-0.05484065,1.366543,0.6125981
774,-0.05488032,1.366582,0.6124986
775,-0.05490202,1.366675,0.6124729
776,-0.05492246,1.366743,0.6124085
777,-0.05495054,1.366792,0.6124004
778,-0.05500656,1.366816,0.6124085
779,-0.05505583,1.366842,0.6123456
780,-0.05510512,1.366885,0.6122762
781,-0.05516902,1.366904,0.6121978
782,-0.05530286,1.366935,0.6120831
783,-0.05539843,1.366963,0.6120192
784,-0.05549261,1.366969,0.6119548
785,-0.05555624,1.367003,0.6119317
786,-0.05564249,1.36698,0.6119012
787,-0.05581203,1.366956,0.611796
788,-0.05601701,1.367054,0.6117955
789,-0.05614966,1.366997,0.6117152
790,-0.05624375,1.366984,0.6116303
791,-0.05630949,1.366927,0.6115659
792,-0.05639854,1.366918,0.6114987
793,-0.05646721,1.366886,0.6114532
794,-0.05665347,1.366809,0.6112441
795,-0.05673221,1.366793,0.6112362
796,-0.05674797,1.366839,0.6112157
797,-0.05677974,1.366818,0.6111702
798,-0.0568192,1.366918,0.6111289
799,-0.05688718,1.366952,0.6110641
800,-0.05693269,1.366985,0.6109318
801,-0.05699667,1.367047,0.6108488
802,-0.05704588,1.367114,0.6107136
803,-0.05717525,1.367139,0.6105417
804,-0.05726224,1.367193,0.6104747
805,-0.05729666,1.367263,0.6103753
806,-0.05728841,1.367254,0.6102258
807,-0.05740955,1.367288,0.6101831
808,-0.0574747,1.367349,0.6100434
809,-0.05755138,1.367382,0.6098889
810,-0.05759069,1.367427,0.6097816
811,-0.0576596,1.36747,0.6097327
812,-0.05771989,1.367515,0.6095978
813,-0.05774063,1.367545,0.6094738
814,-0.0577772,1.367616,0.6093463
815,-0.05776861,1.367698,0.6091732
816,-0.05777729,1.367693,0.6090657
817,-0.05777764,1.367748,0.6088723
818,-0.0578106,1.367727,0.6087106
819,-0.05782202,1.367689,0.6085657
820,-0.05785882,1.367709,0.608478
821,-0.05788797,1.367662,0.6082977
822,-0.05785978,1.3676,0.608188
823,-0.05786762,1.367571,0.608049
824,-0.057863,1.367503,0.6080042
825,-0.05790341,1.367501,0.6078464
826,-0.05788901,1.367489,0.6077255
827,-0.05789006,1.367484,0.6075886
828,-0.05789733,1.367504,0.6074845
829,-0.05789432,1.367531,0.6074034
830,-0.05794904,1.367537,0.6072658
831,-0.0579747,1.367541,0.6071545
832,-0.05799678,1.367586,0.607062
833,-0.0580101,1.367602,0.6069475
834,-0.05801517,1.367666,0.6068934
835,-0.05803716,1.367631,0.6067559
836,-0.05806017,1.367628,0.6065942
837,-0.05806208,1.367643,0.6064914
838,-0.05806592,1.367648,0.6062964
839,-0.05808139,1.367647,0.6061572
840,-0.05807975,1.367622,0.6060725
841,-0.05804673,1.367658,0.6059598
842,-0.05797231,1.367722,0.6058995
843,-0.0579302,1.367748,0.6056932
844,-0.05794048,1.367798,0.6055521
845,-0.05793762,1.367852,0.605383
846,-0.05795723,1.367917,0.6052474
847,-0.05791974,1.367944,0.6051704
848,-0.05785987,1.368042,0.6051034
849,-0.05781701,1.368077,0.6050617
850,-0.05768684,1.368091,0.6049463
851,-0.05760929,1.368082,0.604854
852,-0.05749774,1.368039,0.60473
853,-0.05736306,1.36802,0.6046284
854,-0.05722749,1.368045,0.6044997
855,-0.05709323,1.367988,0.6044077
856,-0.05696875,1.367954,0.6042527
857,-0.05682591,1.367907,0.6041528
858,-0.05674109,1.367853,0.6040632
859,-0.05669332,1.367867,0.603969
860,-0.05667934,1.367821,0.6038831
861,-0.05666032,1.367826,0.6037649
862,-0.05662191,1.367814,0.6036838
863,-0.05659294,1.36781,0.6035668
864,-0.05665374,1.367805,0.6034735
865,-0.05666474,1.367786,0.6034092
866,-0.05663991,1.367791,0.6033505
867,-0.05663764,1.367769,0.6032332
868,-0.05661842,1.367785,0.6032063
869,-0.0565559,1.367858,0.6031913
870,-0.05651355,1.367871,0.6031388
871,-0.05649334,1.367909,0.6030995
872,-0.05647975,1.367919,0.6030825
873,-0.05647016,1.367954,0.6030535
874,-0.05645463,1.368007,0.6030542
875,-0.05641842,1.368094,0.6030718
876,-0.05639029,1.368212,0.6030067
877,-0.05635965,1.368242,0.6030132
878,-0.05636176,1.368309,0.6030308
879,-0.05635896,1.368344,0.6030065
880,-0.05635655,1.368318,0.6029919
881,-0.05635333,1.368329,0.6029886
882,-0.05634466,1.368339,0.6030089
883,-0.0563117,1.368379,0.602944
884,-0.05622879,1.368357,0.6029574
885,-0.05621424,1.368312,0.6030055
886,-0.05621114,1.368278,0.6030265
887,-0.05618542,1.368217,0.6031145
888,-0.05617678,1.368213,0.6031529
889,-0.05619681,1.36816,0.6031848
890,-0.05613247,1.368084,0.6031996
891,-0.05610859,1.368063,0.6032618
892,-0.05607745,1.367988,0.6033269
893,-0.0560348,1.367943,0.6033629
894,-0.05603552,1.367975,0.6033756
895,-0.05598229,1.368011,0.603428
896,-0.0559608,1.368008,0.6034797
897,-0.05592343,1.368084,0.6035107
898,-0.05589169,1.368152,0.6035651
899,-0.05585408,1.36818,0.6035877
900,-0.05584854,1.368215,0.6036021
901,-0.05582443,1.368273,0.6035663
902,-0.05577502,1.368322,0.6035734
903,-0.05575296,1.368439,0.6035925
904,-0.05572429,1.368544,0.6036555
905,-0.05570701,1.368582,0.6036345
906,-0.05567822,1.368598,0.6036526
907,-0.05568132,1.368592,0.6035932
908,-0.05566472,1.368598,0.6035749
909,-0.05565286,1.368626,0.6035832
910,-0.05563405,1.368671,0.6035746
911,-0.0556224,1.368703,0.6035951
912,-0.05559728,1.368678,0.6036025
913,-0.05555305,1.368667,0.6036166
914,-0.05553314,1.368658,0.6035551
915,-0.0555326,1.36867,0.6035651
916,-0.05545518,1.36865,0.6036335
917,-0.05544609,1.368566,0.6037818
918,-0.05540559,1.368497,0.6038264
919,-0.05539247,1.368428,0.6038302
920,-0.05533397,1.368397,0.6039129
921,-0.05531171,1.368351,0.6039931
922,-0.05527759,1.368295,0.6040457
923,-0.05526289,1.368273,0.6041037
924,-0.05523574,1.368249,0.6041423
925,-0.05520022,1.368232,0.604215
926,-0.055177,1.368198,0.604267
927,-0.05516201,1.368194,0.604328
928,-0.05515853,1.3682,0.6043524
929,-0.05510408,1.368154,0.6043872
930,-0.0550746,1.368116,0.6044093
931,-0.0550051,1.368121,0.6044668
932,-0.05498463,1.368114,0.6045076
933,-0.05494249,1.368097,0.6045252
934,-0.05491364,1.368119,0.604503
935,-0.05489361,1.368082,0.6045548
936,-0.05484322,1.368061,0.6045843
937,-0.05479801,1.368099,0.6045653
938,-0.05479038,1.368141,0.6046118
939,-0.05475113,1.368166,0.6047024
940,-0.05475461,1.368212,0.6047074
941,-0.05475503,1.368214,0.6047388
942,-0.05473962,1.368262,0.6047059
943,-0.05471951,1.368258,0.6047429
944,-0.05471241,1.368257,0.6047717
945,-0.05467865,1.368265,0.604849
946,-0.05469769,1.368288,0.6049336
947,-0.05469331,1.368316,0.6049973
948,-0.05472973,1.368288,0.6051258
949,-0.05476031,1.368276,0.6052114
950,-0.05480692,1.368256,0.6054043
951,-0.05485573,1.368232,0.6055793
952,-0.0548926,1.36818,0.6056882
953,-0.05494502,1.368141,0.6058007
954,-0.05495226,1.36809,0.6059471
955,-0.05499029,1.368085,0.606017
956,-0.05496383,1.367999,0.6061682
957,-0.05498528,1.367973,0.6063195
958,-0.05499011,1.367913,0.6064566
959,-0.05501869,1.367867,0.6066626
960,-0.0550687,1.367804,0.6070281
961,-0.0551191,1.36779,0.6073219
962,-0.05516484,1.367765,0.6074804
963,-0.05519226,1.367718,0.6076037
964,-0.05523887,1.367706,0.6077181
965,-0.05526009,1.367719,0.6079015
966,-0.05530301,1.367718,0.6080478
967,-0.05536005,1.367743,0.6082093
968,-0.05541,1.367682,0.6084095
969,-0.05544439,1.367633,0.608585
970,-0.05547491,1.367625,0.6087524
971,-0.05556896,1.367594,0.6088539
972,-0.05564746,1.367553,0.6089686
973,-0.05571187,1.367459,0.6091443
974,-0.05579388,1.367393,0.6092905
975,-0.05587897,1.367282,0.6094731
976,-0.05589595,1.367192,0.609593
977,-0.05593452,1.367115,0.6097847
978,-0.05602798,1.367071,0.6098682
979,-0.05609283,1.367039,0.6099788
980,-0.05619359,1.367005,0.6101104
981,-0.0562821,1.366952,0.6101998
982,-0.05637082,1.366922,0.6103019
983,-0.05646566,1.366872,0.6103975
984,-0.05656859,1.366922,0.6104385
985,-0.05664876,1.366916,0.6105343
986,-0.05671036,1.366843,0.6106776
987,-0.05678722,1.366844,0.6107274
988,-0.05677104,1.366884,0.6108896
989,-0.05683807,1.366895,0.6110283
990,-0.05690423,1.366904,0.6111475
991,-0.05693263,1.366906,0.6111742
992,-0.05695581,1.366903,0.6112374
993,-0.05700028,1.366949,0.6113755
994,-0.05699709,1.366915,0.6114312
995,-0.05711013,1.366936,0.6114489
996,-0.05715406,1.366894,0.6115202
997,-0.05720001,1.366801,0.6115791
998,-0.05724716,1.366776,0.6116558
999,-0.05722451,1.366758,0.6117309
1000,-0.05725577,1.366736,0.6117834
1001,-0.05733767,1.366735,0.6118799
1002,-0.05738819,1.366675,0.6119353
1003,-0.05750278,1.366612,0.6119822
1004,-0.05753192,1.366577,0.6118919
1005,-0.05758435,1.366508,0.6119281
1006,-0.05766305,1.366454,0.6119469
1007,-0.05769184,1.366402,0.6119677
1008,-0.05782902,1.36634,0.6119045
1009,-0.05788714,1.366303,0.6119086
1010,-0.05782366,1.366291,0.6119272
1011,-0.05785251,1.366276,0.6119267
1012,-0.05790854,1.366279,0.6118261
1013,-0.05799517,1.366346,0.6118697
1014,-0.05804455,1.36636,0.6118435
1015,-0.05800071,1.366357,0.6117879
1016,-0.05805731,1.366345,0.6117789
1017,-0.05810022,1.366378,0.6117898
1018,-0.05816683,1.366385,0.6116961
1019,-0.05820107,1.366449,0.6116029
1020,-0.05826199,1.366469,0.6115724
1021,-0.0582616,1.366459,0.6115507
1022,-0.05825344,1.36642,0.6114527
1023,-0.05827832,1.366449,0.6113602
1024,-0.05831376,1.366457,0.6113292
1025,-0.05839977,1.366427,0.6111079
1026,-0.05836144,1.366382,0.6110438
1027,-0.05844218,1.366325,0.6109816
1028,-0.05844745,1.366314,0.6109647
1029,-0.05840778,1.366304,0.6109027
1030,-0.05839834,1.366261,0.6109446
1031,-0.05839297,1.366238,0.6109015
1032,-0.05835685,1.366179,0.6109143
1033,-0.05840358,1.366115,0.6108338
1034,-0.05830881,1.366141,0.6109067
1035,-0.05826557,1.366089,0.6109468
1036,-0.05818906,1.366019,0.6108834
1037,-0.05816051,1.366025,0.6108524
1038,-0.05812156,1.36603,0.610932
1039,-0.05809051,1.365956,0.6110286
1040,-0.05800658,1.365908,0.6110591
1041,-0.05797061,1.365882,0.6110171
1042,-0.05789188,1.365828,0.6110271
1043,-0.05792013,1.365879,0.6110784
1044,-0.05789521,1.36586,0.611077
1045,-0.05792925,1.365884,0.611183
1046,-0.05792758,1.365834,0.6112176
1047,-0.05799812,1.365835,0.6113106
1048,-0.05798599,1.365772,0.6113178
1049,-0.05791941,1.365669,0.6113185
1050,-0.05792344,1.36558,0.6112977
1051,-0.05794725,1.365442,0.6112851
1052,-0.0579755,1.365337,0.6112796
1053,-0.05798954,1.365243,0.6113046
1054,-0.05800268,1.365104,0.6113385
1055,-0.05800813,1.364995,0.6114062
1056,-0.05802196,1.364843,0.6114243
1057,-0.05803221,1.364778,0.6114107
1058,-0.05803779,1.364676,0.6114684
1059,-0.05805391,1.364631,0.6114544
1060,-0.05807057,1.364523,0.6114727
1061,-0.05811474,1.364462,0.6114854
1062,-0.05813774,1.364429,0.611473
1063,-0.05818632,1.364363,0.6114625
1064,-0.05822489,1.364367,0.6115772
1065,-0.0582768,1.364377,0.611632
1066,-0.05832168,1.364376,0.6117197
1067,-0.05836135,1.364347,0.6117395
1068,-0.05836114,1.364388,0.6117338
1069,-0.05835891,1.364332,0.6117221
1070,-0.05837283,1.364303,0.6117209
1071,-0.05838341,1.364291,0.6116859
1072,-0.0583967,1.364254,0.6116947
1073,-0.05841431,1.364186,0.6116937
1074,-0.05842963,1.36411,0.6116737
1075,-0.05846593,1.364,0.6117054
1076,-0.05849001,1.364007,0.6117331
1077,-0.05852884,1.364038,0.6117872
1078,-0.05859238,1.364005,0.6117891
1079,-0.05863047,1.363917,0.6117753
1080,-0.05865222,1.363805,0.6117767
1081,-0.0586471,1.36376,0.6117235
1082,-0.05865979,1.363696,0.6117684
1083,-0.05873767,1.363662,0.6117388
1084,-0.05873647,1.363649,0.6116883
1085,-0.05879408,1.363613,0.6116468
1086,-0.05880576,1.363611,0.6116577
1087,-0.05881479,1.363611,0.611616
1088,-0.0587827,1.363607,0.6115886
1089,-0.05876967,1.363624,0.6115657
1090,-0.05874664,1.363648,0.6115464
1091,-0.05872506,1.363681,0.6115197
1092,-0.05861086,1.363705,0.6114794
1093,-0.05859879,1.363753,0.611451
1094,-0.05855742,1.363749,0.6113616
1095,-0.05852994,1.363734,0.6113008
1096,-0.05851197,1.363758,0.611246
1097,-0.0585382,1.363828,0.611189
1098,-0.05849749,1.363857,0.6111521
1099,-0.0585134,1.363915,0.611003
1100,-0.05847135,1.363883,0.6109761
1101,-0.05843005,1.363933,0.6109115
1102,-0.05840182,1.363941,0.6108664
1103,-0.05833742,1.363999,0.6108431
1104,-0.05828759,1.364045,0.6107584
1105,-0.05822316,1.364102,0.6107014
1106,-0.05817899,1.364214,0.610633
1107,-0.05810878,1.364268,0.6105317
1108,-0.05804166,1.364333,0.610479
1109,-0.05797005,1.364403,0.6104048
1110,-0.05785728,1.364466,0.6103412
1111,-0.05778021,1.364534,0.610253
1112,-0.05769151,1.364577,0.6101736
1113,-0.05761939,1.364624,0.6100308
1114,-0.05755815,1.364691,0.6099674
1115,-0.05755445,1.364723,0.6098586
1116,-0.05754223,1.364794,0.6098081
1117,-0.057502,1.364831,0.6097473
1118,-0.05746925,1.364898,0.6096205
1119,-0.05744538,1.364927,0.6095327
1120,-0.05740872,1.364986,0.609485
1121,-0.0573515,1.365041,0.6094471
1122,-0.05730787,1.365084,0.609393
1123,-0.05741882,1.36521,0.6094404
1124,-0.0573718,1.365229,0.6094037
1125,-0.05734426,1.36529,0.6092581
1126,-0.05723202,1.365259,0.6092004
1127,-0.05721387,1.365246,0.6092159
1128,-0.05720234,1.365263,0.6092163
1129,-0.05717686,1.365266,0.6092256
1130,-0.05710757,1.365252,0.6091787
1131,-0.05712014,1.365244,0.6091305
1132,-0.05709118,1.36526,0.6091048
1133,-0.05709249,1.365299,0.6091846
1134,-0.05706626,1.365338,0.6091937
1135,-0.05704057,1.365345,0.6092168
1136,-0.05701384,1.365403,0.6092068
1137,-0.05701706,1.36543,0.6092416
1138,-0.05699834,1.365485,0.6092674
1139,-0.05701491,1.365479,0.6093131
1140,-0.05701655,1.365487,0.6093274
1141,-0.05703953,1.365521,0.6093799
1142,-0.0570164,1.365527,0.6094466
1143,-0.05702379,1.365542,0.6094848
1144,-0.05702049,1.36551,0.6095637
1145,-0.05705312,1.365511,0.6096004
1146,-0.05710503,1.365474,0.6096851
1147,-0.05731124,1.365411,0.6095468
1148,-0.05724609,1.365288,0.6095721
1149,-0.05728909,1.365246,0.6096276
1150,-0.05733147,1.365223,0.609696
1151,-0.05745637,1.365157,0.6096944
1152,-0.05750549,1.365112,0.6097916
1153,-0.05745581,1.365116,0.6099979
1154,-0.05748141,1.36509,0.610082
1155,-0.05746296,1.365071,0.6102222
1156,-0.05746248,1.365051,0.6102823
1157,-0.05746323,1.365037,0.610387
1158,-0.05740052,1.36513,0.6105543
1159,-0.05735835,1.365126,0.6106616
1160,-0.05733392,1.36515,0.610747
1161,-0.05728137,1.36516,0.6108323
1162,-0.05723533,1.365145,0.6109518
1163,-0.05717966,1.365176,0.6110765
1164,-0.05710146,1.365109,0.6111625
1165,-0.05703408,1.365135,0.6112143
1166,-0.05697846,1.365211,0.6112138
1167,-0.0568777,1.365288,0.6112801
1168,-0.05681431,1.365358,0.6113259
1169,-0.05673492,1.3654,0.6113323
1170,-0.05665684,1.365501,0.6113704
1171,-0.05677527,1.365529,0.6114727
1172,-0.0567148,1.365548,0.611477
1173,-0.05664042,1.365546,0.6115025
1174,-0.0565989,1.365536,0.6114999
1175,-0.05661386,1.365569,0.6115733
1176,-0.05658078,1.365428,0.6116222
1177,-0.05654901,1.365407,0.6116804
1178,-0.05651528,1.365408,0.6117259
1179,-0.05647856,1.36539,0.6117953
1180,-0.05630773,1.365284,0.6117483
1181,-0.0562548,1.36525,0.6117941
1182,-0.05628154,1.365258,0.6118246
1183,-0.05625629,1.365188,0.6118208
1184,-0.05622229,1.365185,0.6118361
1185,-0.05612892,1.365101,0.6117219
1186,-0.05608806,1.365088,0.6117464
1187,-0.05600974,1.365046,0.6117197
1188,-0.05598938,1.365092,0.6117464
1189,-0.05590969,1.365131,0.6117202
1190,-0.0558798,1.365168,0.6117452
1191,-0.05592605,1.365226,0.6116313
1192,-0.05601698,1.36523,0.6115011
1193,-0.05603135,1.365242,0.6114627
1194,-0.05609491,1.365284,0.6114055
1195,-0.05612919,1.365319,0.6113912
1196,-0.05622873,1.365416,0.6113111
1197,-0.05628583,1.36547,0.6112739
1198,-0.0562633,1.365482,0.6112009
1199,-0.05632871,1.365504,0.6111289
1200,-0.05639589,1.365495,0.6111299
1201,-0.05647856,1.365453,0.6111161
1202,-0.05653882,1.365425,0.6110586
1203,-0.05656305,1.365387,0.611082
1204,-0.05661905,1.365392,0.6110517
1205,-0.05666453,1.365386,0.6110042
1206,-0.05674726,1.365364,0.6109658
1207,-0.05691728,1.365396,0.6110085
1208,-0.05698362,1.365384,0.6109709
1209,-0.05710131,1.365363,0.6110355
1210,-0.05712172,1.365352,0.6111065
1211,-0.0571909,1.365348,0.6110865
1212,-0.0572001,1.365291,0.6111017
1213,-0.05725184,1.365302,0.6110634
1214,-0.05724829,1.365319,0.6109587
1215,-0.05728903,1.365358,0.6109594
1216,-0.05739391,1.365403,0.6110409
1217,-0.05744028,1.36543,0.6109911
1218,-0.05748886,1.365435,0.6110054
1219,-0.05756098,1.365514,0.6109813
1220,-0.05771309,1.36559,0.611076
1221,-0.0577037,1.365616,0.6111301
1222,-0.057787,1.365645,0.6111389
1223,-0.05785182,1.365581,0.6111432
1224,-0.05793676,1.365617,0.6111881
1225,-0.05796728,1.365631,0.6112329
1226,-0.05803201,1.365644,0.6112801
1227,-0.05827528,1.365634,0.6110588
1228,-0.05846387,1.36562,0.6109041
1229,-0.05857036,1.365619,0.6109585
1230,-0.05859819,1.365629,0.6109713
1231,-0.0586744,1.365623,0.6110038
1232,-0.05884373,1.365568,0.6110491
1233,-0.05933046,1.366503,0.6148869
1234,-0.05927125,1.366497,0.6149436
1235,-0.05927601,1.366469,0.6150204
1236,-0.05924678,1.366389,0.6150686
1237,-0.05921108,1.366408,0.615127
1238,-0.05927074,1.366437,0.6152123
1239,-0.05925065,1.366451,0.6152624
1240,-0.05919391,1.36648,0.6153725
1241,-0.05915916,1.366476,0.6154169
1242,-0.05919516,1.366454,0.6155206
1243,-0.05915594,1.366449,0.6155654
1244,-0.05914372,1.366425,0.6155227
1245,-0.05909842,1.366314,0.615528
1246,-0.05906057,1.366286,0.6155232
1247,-0.0590224,1.366281,0.6155792
1248,-0.05900121,1.366297,0.6155664
1249,-0.05897322,1.366247,0.6155511
1250,-0.05893376,1.366248,0.615564
1251,-0.05896112,1.36626,0.6155392
1252,-0.05899754,1.366226,0.6155022
1253,-0.05901274,1.366232,0.6154803
1254,-0.05907786,1.366229,0.6154352
1255,-0.05908921,1.366201,0.61542
1256,-0.059131,1.366158,0.6153458
1257,-0.05914816,1.366103,0.6153487
1258,-0.05915532,1.366024,0.615352
1259,-0.05916986,1.366001,0.6153506
1260,-0.05920851,1.365933,0.6153656
1261,-0.05916694,1.365969,0.6154057
1262,-0.05913931,1.365942,0.6153747
1263,-0.05914289,1.365952,0.6154
1264,-0.05913642,1.365929,0.6154305
1265,-0.05908027,1.365913,0.6154307
1266,-0.05906546,1.36588,0.6154634
1267,-0.0590418,1.365902,0.6155111
1268,-0.05902272,1.365895,0.6155478
1269,-0.05902055,1.365902,0.6155854
1270,-0.05894706,1.36591,0.6156517
1271,-0.0589273,1.365887,0.6157237
1272,-0.05887166,1.365883,0.6158417
1273,-0.05882502,1.365891,0.6159192
1274,-0.05879334,1.365949,0.615945
1275,-0.0587633,1.365957,0.6160175
1276,-0.05876023,1.365977,0.6159877
1277,-0.05874103,1.365972,0.6160773
1278,-0.0587377,1.365943,0.6162168
1279,-0.05872583,1.365884,0.6162747
1280,-0.05868313,1.36581,0.6163403
1281,-0.05865899,1.365757,0.6164328
1282,-0.05867088,1.365688,0.6165186
1283,-0.05860648,1.365602,0.6166683
1284,-0.05860579,1.365519,0.6167775
1285,-0.05858213,1.365473,0.6169218
1286,-0.05858859,1.365393,0.6169945
1287,-0.05860597,1.365311,0.6171359
1288,-0.05862159,1.365239,0.6172472
1289,-0.05864334,1.365199,0.617334
1290,-0.05862442,1.365152,0.6174632
1291,-0.05864719,1.365132,0.6175524
1292,-0.05870083,1.365129,0.6175507
1293,-0.05874565,1.365113,0.6176301
1294,-0.05879211,1.365108,0.6176964
1295,-0.05876037,1.365105,0.617788
1296,-0.05881956,1.365067,0.6178507
1297,-0.0588598,1.365069,0.617956
1298,-0.05892408,1.365038,0.6180407
1299,-0.05896842,1.365006,0.6181418
1300,-0.05901247,1.364998,0.6182417
1301,-0.05904841,1.364946,0.6183118
1302,-0.05908218,1.364884,0.6184047
1303,-0.0590561,1.364811,0.6186849
1304,-0.05905503,1.364771,0.6187903
1305,-0.05907264,1.36464,0.6188558
1306,-0.05912527,1.364606,0.6189729
1307,-0.05915219,1.364509,0.6190838
1308,-0.0591493,1.364465,0.6191231
1309,-0.05916768,1.364351,0.6192173
1310,-0.05920312,1.364273,0.6193393
1311,-0.05923611,1.364178,0.6194237
1312,-0.05917433,1.364076,0.6196352
1313,-0.05917889,1.363996,0.6197699
1314,-0.05916527,1.363897,0.619876
1315,-0.05915412,1.363853,0.6200305
1316,-0.05914086,1.363785,